form	lemma	POS	morph
༄༅། །		PUNCT
ཆགས་	ཆགས་	VERB
མེད་	མེད་	VERB
བདེ་	བདེ་	VERB
སྨོན་	སྨོན་	VERB
འགྲེལ་པ་	འགྲེལ་པ་	NOUN
པདྨ་	པདྨ་	NOUN
འི་	གི་	PART
ཕྲེང་བ་	ཕྲེང་བ་	NOUN
བཞུགས་	བཞུགས་	VERB
སོ་	གོ་	PART
། །		PUNCT
		
༄༅། །		PUNCT
ནམ་མཁའ་	ནམ་མཁའ་	NOUN
དང་	དང་	NO_POS
མཉམ་པ་	མཉམ་པ་	VERB
འི་	གི་	PART
སེམས་ཅན་	སེམས་ཅན་	NOUN
ཐམས་ཅད་	ཐམས་ཅད་	DET
མཐར་ཐུག་	མཐར་ཐུག་	NOUN
སངས་རྒྱས་	སངས་རྒྱས་	NOUN
ཀྱི་	གི་	PART
གོ་འཕང་	གོ་འཕང་	NOUN
ཐོབ་པ་	ཐོབ་པ་	VERB
དང་	དང་	NO_POS
།		PUNCT
གནས་སྐབས་	གནས་སྐབས་	NOUN
ནུབ་	ནུབ་	ADV
བདེ་བ་	བདེ་བ་	VERB
ཅན་	ཅན་	PART
གྱི་	གི་	PART
ཞིང་ཁམས་	ཞིང་ཁམས་	NOUN
སུ་	ལ་	PART
སྐྱེ་བ་	སྐྱེ་བ་	VERB
འི་	གི་	PART
ཕྱི་	ཕྱི་	OTHER
།		PUNCT
མཁས་གྲུབ་	མཁས་གྲུབ་	NOUN
ཀརྨ་	ཀརྨ་	NO_POS
ཆགས་	ཆགས་	VERB
མེད་	མེད་	VERB
ཀྱི་	གི་	PART
མཛད་པ་	མཛད་པ་	VERB
འི་	གི་	PART
བདེ་ཆེན་	བདེ་ཆེན་	NOUN
ཞིང་	ཅིང་	PART
གི་	གི་	PART
སྨོན་ལམ་	སྨོན་ལམ་	NOUN
འདི་ཉིད་	འདི་ཉིད་	OTHER
།		PUNCT
འབྲེལ་བ་	འབྲེལ་བ་	VERB
པདྨ་	པདྨ་	NOUN
འི་	གི་	PART
ཕྲེང་བ་	ཕྲེང་བ་	NOUN
དང་	དང་	NO_POS
རྗེས་སུ་	རྗེས་སུ་	OTHER
མཐུན་པ་	མཐུན་པ་	VERB
ར་	ལ་	PART
འཆད་པ་	འཆད་པ་	VERB
འི་	གི་	PART
རིམ་པ་	རིམ་པ་	NOUN
ལ་མ་	ལ་མ་	NO_POS
ཡེང་བ་	ཡེང་བ་	NO_POS
ར་	ལ་	PART
ཚིག་དོན་	ཚིག་དོན་	NOUN
གྱི་	གི་	PART
རིམ་པ་	རིམ་པ་	NOUN
ལ་	ལ་	PART
ཉན་	ཉན་	VERB
འཚལ་	འཚལ་	VERB
།		PUNCT
དེ་ཡང་	དེ་ཡང་	ADV
།		PUNCT
འོད་	འོད་	NOUN
མདོ་	མདོ་	NOUN
ལ་	ལ་	ADP
ས་	གིས་	PART
།		PUNCT
དེ་བཞིན་	དེ་བཞིན་	OTHER
གཤེགས་པ་	གཤེགས་པ་	VERB
ཡིད་	ཡིད་	NOUN
ལ་	ལ་	PART
དྲན་པ་	དྲན་པ་	VERB
དང་	དང་	NO_POS
།		PUNCT
དགེ་བ་	དགེ་བ་	VERB
འི་	གི་	PART
རྩ་བ་	རྩ་བ་	NOUN
བསྐྱེད་པ་	བསྐྱེད་པ་	VERB
དང་	དང་	NO_POS
།		PUNCT
བྱང་ཆུབ་	བྱང་ཆུབ་	NOUN
ཏུ་	ལ་	PART
སེམས་བསྐྱེད་པ་	སེམས་བསྐྱེད་པ་	NOUN
དང་	དང་	NO_POS
།		PUNCT
ཡོངས་སུ་	ཡོངས་སུ་	NO_POS
བསྔོ་བ་	བསྔོ་བ་	VERB
སྟེ་	སྟེ་	PART
ཞེ་	ཅེས་	PART
གསུངས་པ་	གསུངས་པ་	VERB
འི་	གི་	PART
དོན་	དོན་	NOUN
བདེ་བ་	བདེ་བ་	VERB
ཅན་	ཅན་	PART
དུ་	ལ་	PART
སྐྱེ་བ་	སྐྱེ་བ་	VERB
འི་	གི་	PART
རྒྱུ་	རྒྱུ་	NOUN
བཞི་	བཞི་	NUM
ནི་	ནི་	NO_POS
།		PUNCT
རྒྱུ་	རྒྱུ་	NOUN
དང་པོ་	དང་པོ་	ADJ
ཞིང་	ཅིང་	PART
བཀོད་	བཀོད་	VERB
ཡིད་	ཡིད་	NOUN
ལ་	ལ་	PART
དྲན་པ་	དྲན་པ་	VERB
།		PUNCT
གཉིས་པ་	གཉིས་པ་	NUM
དགེ་བ་	དགེ་བ་	VERB
འི་	གི་	PART
ཚོགས་ཆེན་	ཚོགས་ཆེན་	OTHER
བསགས་པ་	བསགས་པ་	VERB
།		PUNCT
གསུམ་པ་	གསུམ་པ་	NUM
བྱང་ཆུབ་	བྱང་ཆུབ་	NOUN
སེམས་བསྐྱེད་པ་	སེམས་བསྐྱེད་པ་	NOUN
།		PUNCT
བཞི་པ་	བཞི་པ་	ADJ
བདེ་ཆེན་	བདེ་ཆེན་	NOUN
ཞིང་	ཅིང་	PART
དུ་	ལ་	PART
སྐྱེ་	སྐྱེ་	NOUN
ཕྱི་	ཕྱི་	OTHER
བསྔོ་བ་	བསྔོ་བ་	VERB
དང་	དང་	NO_POS
སྨོན་ལམ་	སྨོན་ལམ་	NOUN
སྟེ་	སྟེ་	PART
བཞི་	བཞི་	NUM
ལ་	ལ་	ADP
ས་	གིས་	PART
། ༈		PUNCT
རྒྱུ་	རྒྱུ་	NOUN
དང་པོ་	དང་པོ་	ADJ
ཞིང་	ཅིང་	PART
བཀོད་	བཀོད་	VERB
ཡིད་	ཡིད་	NOUN
ལ་	ལ་	PART
དྲན་པ་	དྲན་པ་	VERB
ནི་	ནི་	NO_POS
།		PUNCT
ཨེ་མ་ཧོ་	ཨེ་མ་ཧོ་	INTJ
ན་	ནས་	PART
།		PUNCT
སེ་	སེ་	NO_POS
ར་	ལ་	PART
ལྟེམ་	ལྟེམ་	NO_POS
མེ་	མེ་	NOUN
བ་	བ་	NOUN
གྱིས་	གིས་	PART
བསྟན་	བསྟན་	VERB
དོན་	དོན་	NOUN
ནི་	ནི་	NO_POS
།		PUNCT
ཨེ་མ་ཧོ་	ཨེ་མ་ཧོ་	INTJ
།		PUNCT
ཞེས་་	ཞེས་པ་	PART
ནི་	ནི་	NO_POS
།		PUNCT
ངོ་མཚར་	ངོ་མཚར་	ADJ
ཞེས་་	ཞེས་པ་	PART
སྟེ་	སྟེ་	PART
།		PUNCT
ངོ་	གོ་	PART
གང་	གང་	NO_POS
ལ་	ལ་	PART
ཚ་	ཚ་	VERB
ན་	ལ་	PART
སྟོང་གསུམ་	སྟོང་གསུམ་	OTHER
མི་མཇེད་	མི་མཇེད་	PROPN
ཀྱི་	གི་	PART
འཇིག་རྟེན་	འཇིག་རྟེན་	NOUN
།		PUNCT
འདི་	འདི་	DET
ན་	ནས་	PART
ཉི་མ་	ཉི་མ་	NOUN
ནུབ་	ནུབ་	ADV
ཀྱི་	གི་	PART
ཕྱོགས་	ཕྱོགས་	NOUN
རོལ་	རོལ་	VERB
ན་	ནས་	PART
། །		PUNCT
གྲངས་མེད་	གྲངས་མེད་	NOUN
འཇིག་རྟེན་	འཇིག་རྟེན་	NOUN
མང་པོ་	མང་པོ་	ADJ
འི་	གི་	PART
ཕ་རོལ་	ཕ་རོལ་	NOUN
ན་	ལ་	PART
། །		PUNCT
ཅུང་ཟད་	ཅུང་ཟད་	ADV
སྟེང་	སྟེང་	NOUN
དུ་	ལ་	PART
འཕགས་པ་	འཕགས་པ་	VERB
འི་	གི་	PART
མཐོ་བ་	མཐོ་བ་	VERB
ལྟ་བུ་	ལྟ་བུ་	NOUN
འི་	གི་	PART
ཡུལ་	ཡུལ་	NOUN
ས་	ས་	ADP
ན་	ལ་	PART
། །		PUNCT
སངས་རྒྱས་	སངས་རྒྱས་	NOUN
འོད་	འོད་	NOUN
དཔག་མེད་	དཔག་མེད་	ADJ
འདི་	འདི་	DET
སྔོན་	སྔོན་	ADV
གྱི་	གི་	PART
དུས་	དུས་	NOUN
སུ་	ལ་	PART
རྒྱལ་པོ་	རྒྱལ་པོ་	NOUN
རྩིབས་	རྩིབས་	NOUN
ཀྱི་	གི་	PART
མུ་ཁྱུད་	མུ་ཁྱུད་	NOUN
ཅན་	ཅན་	PART
གྱི་	གི་	PART
སྐྱེ་བ་	སྐྱེ་བ་	VERB
བཞེས་པ་	བཞེས་པ་	VERB
འི་	གི་	PART
ཚེ་	ཚེ་	NOUN
།		PUNCT
རྒྱལ་བ་	རྒྱལ་བ་	NOUN
རིན་ཆེན་	རིན་ཆེན་	OTHER
སྙིང་པོ་	སྙིང་པོ་	NOUN
འི་	གི་	PART
སྤྱན་སྔ་	སྤྱན་སྔ་	PROPN
ར་	ལ་	PART
དང་པོ་	དང་པོ་	ADJ
བྱང་ཆུབ་	བྱང་ཆུབ་	NOUN
མཆོག་	མཆོག་	ADJ
ཏུ་	ལ་	PART
ཐུགས་བསྐྱེད་	ཐུགས་བསྐྱེད་	OTHER
།		PUNCT
བ་	བ་	NOUN
དུ་	ལ་	PART
བདེ་བ་	བདེ་བ་	VERB
ཅན་	ཅན་	PART
གྱི་	གི་	PART
ཞིང་	ཅིང་	PART
གི་	གི་	PART
བཀོད་པ་	བཀོད་པ་	VERB
རྣམས་	རྣམས་	DET
སྒྲུབ་པ་	སྒྲུབ་པ་	VERB
འི་	གི་	PART
རྒྱུ་	རྒྱུ་	NOUN
ཚོགས་	ཚོགས་	NOUN
བསགས་	བསགས་	VERB
ན་	ནས་	PART
།		PUNCT
གལ་ཏེ་	གལ་ཏེ་	NO_POS
བདེ་བ་	བདེ་བ་	VERB
ཅན་	ཅན་	PART
དུ་	ལ་	PART
སྐྱེ་བ་	སྐྱེ་བ་	VERB
འི་	གི་	PART
སྨོན་ལམ་	སྨོན་ལམ་	NOUN
བཏབ་	བཏབ་	VERB
ཚད་	ཚད་	NOUN
བདེ་བ་	བདེ་བ་	VERB
ཅན་	ཅན་	PART
དུ་	ལ་	PART
སྐྱེ་	སྐྱེ་	NOUN
ཐུབ་	ཐུབ་	VERB
ན་	ལ་	PART
ནི་	ནི་	NO_POS
བདག་	བདག་	PRON
སངས་རྒྱས་པ་	སངས་རྒྱས་པ་	NOUN
ར་	ལ་	PART
གྱུར་ཅིག་	གྱུར་ཅིག་	NO_POS
།		PUNCT
གལ་ཏེ་	གལ་ཏེ་	NO_POS
སྐྱེ་	སྐྱེ་	NOUN
མ་	མ་	PART
ཐུབ་	ཐུབ་	VERB
ན་	ལ་	PART
ནི་	ནི་	NO_POS
བདག་	བདག་	PRON
འཚང་རྒྱ་བ་	འཚང་རྒྱ་བ་	NOUN
ར་	ལ་	PART
མ་	མ་	PART
གྱུར་ཅིག་	གྱུར་ཅིག་	NO_POS
ཅེས་	ཅེས་	PART
སྨོན་ལམ་	སྨོན་ལམ་	NOUN
དཔག་མེད་	དཔག་མེད་	ADJ
བཏབ་པ་	བཏབ་པ་	VERB
ས་	གིས་	PART
།		PUNCT
མཐ་	མཐའ་	NOUN
ར་	ལ་	PART
སྨོན་ལམ་	སྨོན་ལམ་	NOUN
དང་	དང་	NO_POS
ཚོགས་	ཚོགས་	NOUN
ཡོངས་སུ་	ཡོངས་སུ་	NO_POS
གྲུབ་	གྲུབ་	VERB
སྟེ་	སྟེ་	PART
ད་ལྟ་	ད་ལྟ་	OTHER
རྒྱལ་པོ་	རྒྱལ་པོ་	NOUN
རྩིབས་	རྩིབས་	NOUN
ཀྱི་	གི་	PART
མུ་ཁྱུད་	མུ་ཁྱུད་	NOUN
ཅན་	ཅན་	PART
དེ་	སྟེ་	PART
སངས་རྒྱས་	སངས་རྒྱས་	NOUN
ན་	ནས་	PART
སངས་རྒྱས་	སངས་རྒྱས་	NOUN
འོད་	འོད་	NOUN
དཔག་མེད་	དཔག་མེད་	ADJ
དུ་	ལ་	PART
གྱུར་པ་	གྱུར་པ་	VERB
ཡིན་	ཡིན་	NO_POS
།		PUNCT
རྒྱལ་པོ་	རྒྱལ་པོ་	NOUN
འི་	གི་	PART
སྨོན་ལམ་	སྨོན་ལམ་	NOUN
གྲུབ་པ་	གྲུབ་པ་	VERB
ཡིན་པ་	ཡིན་པ་	AUX
ས་	གིས་	PART
བདེ་བ་	བདེ་བ་	VERB
ཅན་	ཅན་	PART
དུ་	ལ་	PART
སྐྱེ་བ་	སྐྱེ་བ་	VERB
འི་	གི་	PART
སྨོན་ལམ་	སྨོན་ལམ་	NOUN
རྣམ་དག་	རྣམ་དག་	ADJ
བཏབ་	བཏབ་	VERB
ཚད་	ཚད་	NOUN
ཞིང་	ཅིང་	PART
དེ་	དེ་	DET
ར་	ལ་	PART
སྐྱེ་	སྐྱེ་	NOUN
ཐུབ་པ་	ཐུབ་པ་	VERB
ནི་	ནི་	NO_POS
རྒྱལ་བ་	རྒྱལ་བ་	NOUN
འི་	གི་	PART
སྨོན་ལམ་	སྨོན་ལམ་	NOUN
གྱི་	གི་	PART
སྟོབས་	སྟོབས་	NOUN
ཡིན་	ཡིན་	NO_POS
ནོ་	གོ་	PART
། །		PUNCT
འོ་ན་	འོ་ན་	NO_POS
ཞིང་	ཅིང་	PART
དེ་	སྟེ་	PART
ལ་	ལ་	PART
ཅི་འདྲ་	ཅི་འདྲ་	NO_POS
ཞིག་	ཅིག་	PART
མོད་	མོད་	VERB
སྙམ་	སྙམ་	VERB
ན་	ལ་	PART
སྤྱི་		
ཕྱི་	ཕྱི་	NOUN
སྣོད་	སྣོད་	NOUN
རིན་པོ་ཆེ་	རིན་པོ་ཆེ་	ADJ
སྣ་ཚོགས་	སྣ་ཚོགས་	DET
ལྟ་བུ་	ལྟ་བུ་	NOUN
དག་	དག་	DET
ལ་	ལ་	PART
།		PUNCT
ནང་	ནང་	NOUN
བཅུད་	བཅུད་	NOUN
ཉོན་མོངས་	ཉོན་མོངས་	NOUN
ཅན་	ཅན་	PART
ཡིན་པ་	ཡིན་པ་	AUX
ས་	གིས་	PART
མ་	མ་	PART
དག་པ་	དག་པ་	VERB
འདོད་ལྷ་	འདོད་ལྷ་	NO_POS
ལྟ་བུ་	ལྟ་བུ་	NOUN
དང་	དང་	NO_POS
།		PUNCT
ཡང་	ཀྱང་	PART
ནང་	ནང་	NOUN
བཅུད་	བཅུད་	NOUN
རིག་འཛིན་	རིག་འཛིན་	OTHER
གྱི་	གི་	PART
ཚོགས་	ཚོགས་	NOUN
ཡིན་པ་	ཡིན་པ་	AUX
ས་	གིས་	PART
དག་	དག་	DET
ལ་	ལ་	PART
།		PUNCT
ཕྱི་	ཕྱི་	NOUN
སྣོད་	སྣོད་	NOUN
ས་རྡོ་	ས་རྡོ་	NOUN
རི་བྲག་	རི་བྲག་	NOUN
སོགས་	སོགས་	DET
མ་	མ་	PART
དག་པ་	དག་པ་	VERB
ལྟ་	ལྟ་	OTHER
སྣང་བ་	སྣང་བ་	VERB
བྱང་	བྱང་	NOUN
ཤམྦྷ་		NON_WORD
ལ་	ལ་	PART
ལྟ་བུ་	ལྟ་བུ་	NOUN
།		PUNCT
ཡང་ཕྱི་	ཡང་ཕྱི་	NO_POS
སྣོད་	སྣོད་	NOUN
ཀྱང་	ཀྱང་	PART
ལྕགས་	ལྕགས་	NOUN
སྲེག་	སྲེག་	NO_POS
སོགས་	སོགས་	DET
དང་	དང་	NO_POS
།		PUNCT
ནང་	ནང་	NOUN
བཅུད་	བཅུད་	NOUN
སེམས་ཅན་	སེམས་ཅན་	NOUN
རྣམས་	རྣམས་	DET
ཀྱང་	ཀྱང་	PART
ཚ་གྲང་	ཚ་གྲང་	NOUN
བཀྲེས་སྐོམ་	བཀྲེས་སྐོམ་	NOUN
ལ་	ལ་	PART
སྤྱོད་པ་	སྤྱོད་པ་	VERB
ས་	གིས་	PART
།		PUNCT
སྣོད་བཅུད་	སྣོད་བཅུད་	NOUN
གཉིས་ཀ་	གཉིས་ཀ་	OTHER
མ་	མ་	PART
དག་པ་	དག་པ་	VERB
ངན་སོང་	ངན་སོང་	NOUN
ལྟ་བུ་	ལྟ་བུ་	NOUN
།		PUNCT
ཡང་ཕྱི་	ཡང་ཕྱི་	NO_POS
སྣོད་	སྣོད་	NOUN
ཀྱི་	གི་	PART
འཇིག་རྟེན་	འཇིག་རྟེན་	NOUN
རྣམ་པ་	རྣམ་པ་	NOUN
ར་	ལ་	PART
དག་པ་	དག་པ་	VERB
རིན་པོ་ཆེ་	རིན་པོ་ཆེ་	ADJ
འི་	གི་	PART
ཞིང་ཁམས་	ཞིང་ཁམས་	NOUN
།		PUNCT
ནང་	ནང་	NOUN
བཅུད་	བཅུད་	NOUN
ཀྱི་	གི་	PART
སེམས་ཅན་	སེམས་ཅན་	NOUN
རྣམ་པ་	རྣམ་པ་	NOUN
ར་	ལ་	PART
དག་པ་	དག་པ་	VERB
འཕགས་པ་	འཕགས་པ་	VERB
འི་	གི་	PART
གང་ཟག་	གང་ཟག་	NOUN
བཅའ་	བཅའ་	VERB
སྣོད་བཅུད་	སྣོད་བཅུད་	NOUN
གཉིས་ཀ་	གཉིས་ཀ་	OTHER
།		PUNCT
རྣམ་པ་	རྣམ་པ་	NOUN
ར་	ལ་	PART
དག་པ་	དག་པ་	VERB
འི་	གི་	PART
ཞིང་ཁམས་	ཞིང་ཁམས་	NOUN
བདེ་བ་	བདེ་བ་	VERB
ཅན་	ཅན་	PART
། །		PUNCT
ཞེས་་	ཞེས་པ་	PART
དེ་	སྟེ་	PART
།		PUNCT
བདག་ཅག་	བདག་ཅག་	PRON
གི་	གི་	PART
ཆུ་བུར་	ཆུ་བུར་	NOUN
མིག་	མིག་	NOUN
གིས་	གིས་	PART
མ་	མ་	PART
མཐོང་	མཐོང་	VERB
ཡང་	ཀྱང་	PART
། །		PUNCT
ཐོས་བསམ་	ཐོས་བསམ་	NOUN
ལ་	ལ་	PART
བརྟེན་	བརྟེན་	VERB
ཏེ་	སྟེ་	PART
རང་སེམས་	རང་སེམས་	NOUN
གསལ་བ་	གསལ་བ་	VERB
འི་	གི་	PART
ཡུལ་	ཡུལ་	NOUN
ལ་	ལ་	PART
ལམ་	གམ་	PART
མེ་	མེ་	NOUN
ར་	ལ་	PART
གསལ་བ་	གསལ་བ་	VERB
དེ་	སྟེ་	PART
ལ་	ལ་	PART
ངོ་མཚར་	ངོ་མཚར་	ADJ
རོ་	རོ་	NOUN
། །		PUNCT
དེ་	སྟེ་	PART
ན་	ལ་	PART
སུ་	ལ་	PART
བཞུགས་	བཞུགས་	VERB
སྙམ་	སྙམ་	VERB
ན་	ལ་	PART
།		PUNCT
དེ་	སྟེ་	PART
ན་	ལ་	PART
བཅོམ་ལྡན་	བཅོམ་ལྡན་	NOUN
རྒྱལ་བ་	རྒྱལ་བ་	NOUN
འོད་	འོད་	NOUN
དཔག་མེད་	དཔག་མེད་	ADJ
། །		PUNCT
དམར་པོ་	དམར་པོ་	ADJ
པདྨ་	པདྨ་	NOUN
རཱ་	རཱ་	NO_POS
ག་	ག་	PRON
འི་	གི་	PART
མདོག་	མདོག་	NOUN
ཅན་	ཅན་	PART
གཟི་བརྗིད་	གཟི་བརྗིད་	NOUN
འབའ་	འབའ་	VERB
། །		PUNCT
དབུ་	དབུ་	NOUN
ལ་	ལ་	PART
གཙུག་ཏོར་	གཙུག་ཏོར་	PROPN
ཞབས་	ཞབས་	NOUN
ལ་	ལ་	PART
འཁོར་ལོ་	འཁོར་ལོ་	NOUN
སོགས་	སོགས་	DET
། །		PUNCT
སྐུ་	སྐུ་	NOUN
འི་	གི་	PART
ཡན་ལག་	ཡན་ལག་	NOUN
ཐམས་ཅད་	ཐམས་ཅད་	DET
ཀུན་	ཀུན་	DET
ན་	ནས་	PART
མཛེས་པ་	མཛེས་པ་	VERB
འི་	གི་	PART
མཚན་	མཚན་	NOUN
བཟང་	བཟང་	VERB
སོ་	གོ་	PART
གཉིས་	གཉིས་	NUM
ཡན་ལག་	ཡན་ལག་	NOUN
གི་	གི་	PART
ཆ་ཤས་	ཆ་ཤས་	NOUN
ཐམས་ཅད་	ཐམས་ཅད་	DET
མཛེ་	མཛེ་	VERB
ཤིང་	ཅིང་	PART
གསལ་བ་	གསལ་བ་	VERB
འི་	གི་	PART
དཔེ་བྱད་	དཔེ་བྱད་	NOUN
བརྒྱད་ཅུ་	བརྒྱད་ཅུ་	NO_POS
ས་	གིས་	PART
སྤྲ་	སྤྲ་	NO_POS
ས་	གིས་	PART
། །		PUNCT
ཞལ་	ཞལ་	NOUN
གཅིག་	གཅིག་	NUM
ཕྱག་	ཕྱག་	NOUN
གཉིས་	གཉིས་	NUM
མཉམ་	མཉམ་	VERB
གཞག་	གཞག་	VERB
གི་	གི་	PART
ཕྱག་	ཕྱག་	NOUN
ན་	ལ་	PART
ལྷུང་བཟེད་	ལྷུང་བཟེད་	NOUN
བདུད་རྩི་	བདུད་རྩི་	NOUN
ས་	གིས་	PART
གང་བ་	གང་བ་	VERB
འཛིན་	འཛིན་	VERB
། །		PUNCT
སྨད་	སྨད་	NOUN
ན་	ལ་	PART
མཐང་གོས་	མཐང་གོས་	NO_POS
དང་	དང་	NO_POS
།		PUNCT
སྟོད་	སྟོད་	NOUN
ན་	ལ་	PART
བླ་གོས་	བླ་གོས་	NOUN
དང་	དང་	NO_POS
།		PUNCT
སྣམ་སྦྱར་	སྣམ་སྦྱར་	NOUN
བཅའ་	བཅའ་	VERB
།		PUNCT
ཆོས་གོས་	ཆོས་གོས་	NOUN
རྣམ་	རྣམ་	NOUN
གསུམ་	གསུམ་	NUM
གསོལ་	གསོལ་	VERB
ཞིང་	ཅིང་	PART
ཞབས་	ཞབས་	NOUN
རྡོ་རྗེ་	རྡོ་རྗེ་	NOUN
སྐྱིལ་ཀྲུང་	སྐྱིལ་ཀྲུང་	NOUN
གིས་	གིས་	PART
། །		PUNCT
ངོ་བོ་	ངོ་བོ་	NOUN
ཉེ་བ་	ཉེ་བ་	VERB
འི་	གི་	PART
སྲ་	སྲ་	NOUN
ཆེན་	ཆེན་	NO_POS
བརྒྱད་པོ་	བརྒྱད་པོ་	NUM
སྐུ་ལུས་	སྐུ་ལུས་	NOUN
གདན་	གདན་	NOUN
དུ་	ལ་	PART
འཕུལ་	འཕུལ་	NO_POS
ཞིང་	ཅིང་	PART
རྣ་བ་	རྣ་བ་	NOUN
ས་	གིས་	PART
ཆོ་	ཆོ་	NOUN
ཀྱི་	གི་	PART
བདུད་རྩི་	བདུད་རྩི་	NOUN
ཉན་པ་	ཉན་པ་	VERB
འི་	གི་	PART
རྣམ་པ་	རྣམ་པ་	NOUN
རྨ་བྱ་	རྨ་བྱ་	NOUN
བརྒྱད་	བརྒྱད་	NUM
ཀྱིས་	གིས་	PART
མཛེས་པ་	མཛེས་པ་	VERB
འི་	གི་	PART
རིན་པོ་ཆེ་	རིན་པོ་ཆེ་	ADJ
འི་	གི་	PART
ཁྲི་	ཁྲི་	NUM
ལ་	ལ་	PART
།		PUNCT
པདྨ་	པདྨ་	NOUN
སྟོང་	སྟོང་	NUM
ལྡན་	ལྡན་	VERB
ཟླ་བ་	ཟླ་བ་	NOUN
འི་	གི་	PART
གདན་	གདན་	NOUN
སྟེང་	སྟེང་	NOUN
དུ་	ལ་	PART
། །		PUNCT
རིན་པོ་ཆེ་	རིན་པོ་ཆེ་	ADJ
སྣ་ཚོགས་པ་	སྣ་ཚོགས་པ་	DET
ས་	གིས་	PART
གྲུབ་པ་	གྲུབ་པ་	VERB
འི་	གི་	PART
བྱང་ཆུབ་	བྱང་ཆུབ་	NOUN
ལྗོན་ཤིང་	ལྗོན་ཤིང་	NOUN
ལ་	ལ་	PART
སྐུ་	སྐུ་	NOUN
རྒྱབ་	རྒྱབ་	NOUN
བརྟེན་	བརྟེན་	VERB
མཛད་	མཛད་	VERB
དེ་	སྟེ་	PART
། །		PUNCT
ཐུགས་རྗེ་	ཐུགས་རྗེ་	NOUN
འི་	གི་	PART
སྤྱན་	སྤྱན་	NOUN
གྱིས་	གིས་	PART
རྒྱང་རིང་པོ་	རྒྱང་རིང་པོ་	ADJ
ནུབ་ཕྱོགས་	ནུབ་ཕྱོགས་	NOUN
བདེ་བ་	བདེ་བ་	VERB
ཅན་	ཅན་	PART
ན་	ནས་	PART
ན་	ནས་	PART
བདག་	བདག་	PRON
ལ་	ལ་	PART
གཟིགས་	གཟིགས་	VERB
། །		PUNCT
དེ་	དེ་	DET
འི་	གི་	PART
གཡའ་	གཡའ་	NOUN
སུ་	ལ་	PART
བྱང་ཆུབ་	བྱང་ཆུབ་	NOUN
སེམས་དཔའ་	སེམས་དཔའ་	NOUN
སྤྱན་རས་	སྤྱན་རས་	NO_POS
གཟིགས་	གཟིགས་	VERB
། །		PUNCT
སྐུ་མདོག་	སྐུ་མདོག་	NOUN
དཀར་པོ་	དཀར་པོ་	ADJ
ཕྱག་	ཕྱག་	NOUN
གཡོན་	གཡོན་	NOUN
པད་དཀར་	པད་དཀར་	OTHER
འཛིན་	འཛིན་	VERB
། །		PUNCT
གཡོན་	གཡོན་	NOUN
དུ་	ལ་	PART
བྱང་ཆུབ་	བྱང་ཆུབ་	NOUN
སེམས་དཔའ་	སེམས་དཔའ་	NOUN
མཐུ་ཆེན་	མཐུ་ཆེན་	PROPN
ཐོབ་	ཐོབ་	VERB
། །		PUNCT
སྐུ་མདོག་	སྐུ་མདོག་	NOUN
སྔོན་པོ་	སྔོན་པོ་	ADJ
རྡོ་རྗེ་	རྡོ་རྗེ་	NOUN
ས་	གིས་	PART
མཚན་པ་	མཚན་པ་	VERB
འི་	གི་	PART
པདྨ་	པདྨ་	NOUN
གཡོན་	གཡོན་	NOUN
། །		PUNCT
སེམས་དཔའ་	སེམས་དཔའ་	NOUN
དེ་	སྟེ་	PART
གཉིས་ཀ་	གཉིས་ཀ་	OTHER
འི་	གི་	PART
ཕྱག་	ཕྱག་	NOUN
གཡའ་	གཡའ་	NOUN
གཉིས་	གཉིས་	NUM
སྐྱབས་	སྐྱབས་	NOUN
སྦྱིན་	སྦྱིན་	VERB
ཕྱག་རྒྱ་	ཕྱག་རྒྱ་	NOUN
བདག་	བདག་	PRON
ལ་	ལ་	PART
བསྟན་	བསྟན་	VERB
། །		PUNCT
དེ་ལྟ་	དེ་ལྟ་	NO_POS
གཙོ་བོ་	གཙོ་བོ་	ADJ
གསུམ་པོ་	གསུམ་པོ་	NUM
རི་རྒྱལ་	རི་རྒྱལ་	NO_POS
ལྷུན་པོ་	ལྷུན་པོ་	OTHER
བཞིན་	བཞིན་	NOUN
། །		PUNCT
སྐུ་	སྐུ་	NOUN
མཚན་དཔེ་	མཚན་དཔེ་	NOUN
འི་	གི་	PART
གཟི་བྱིན་	གཟི་བྱིན་	OTHER
ལྷང་ངེ་	ལྷང་ངེ་	ADJ
གསུང་	གསུང་	VERB
ཚངས་དབྱངས་	ཚངས་དབྱངས་	NOUN
ཀྱི་	གི་	PART
སྙན་པ་	སྙན་པ་	VERB
ལྷན་ནེ་	ལྷན་ནེ་	ADJ
ཐུགས་མཁྱེན་	ཐུགས་མཁྱེན་	NOUN
བརྩེའི་		NON_WORD
ཡེ་ཤེས་	ཡེ་ཤེས་	NOUN
ལྷམ་མེར་	ལྷམ་མེར་	ADJ
བཞུགས་པ་	བཞུགས་པ་	VERB
འི་	གི་	PART
འཁོར་	འཁོར་	NOUN
དུ་	ལ་	PART
། །		PUNCT
བྱང་ཆུབ་	བྱང་ཆུབ་	NOUN
སེམས་དཔ་	སེམས་དཔའ་	NOUN
འི་	གི་	PART
དགེ་སློང་	དགེ་སློང་	NOUN
བྱེ་བ་	བྱེ་བ་	NOUN
འབུམ་	འབུམ་	NUM
གྱི་	གི་	PART
འཁོར་	འཁོར་	NOUN
གྱིས་	གིས་	PART
བསྐོར་བ་	བསྐོར་བ་	VERB
ནི་	ནི་	NO_POS
། །		PUNCT
ཀུན་	ཀུན་	DET
ཀྱང་	ཀྱང་	PART
གསེར་མདོག་	གསེར་མདོག་	OTHER
མཚན་	མཚན་	NOUN
དང་	དང་	NO_POS
དཔེ་བྱད་	དཔེ་བྱད་	NOUN
བརྒྱན་	བརྒྱན་	VERB
། །		PUNCT
གཙོ་འཁོར་	གཙོ་འཁོར་	OTHER
ཐམས་ཅད་	ཐམས་ཅད་	DET
ཆོས་གོས་	ཆོས་གོས་	NOUN
རྣམ་	རྣམ་	NOUN
གསུམ་	གསུམ་	NUM
གསོལ་	གསོལ་	VERB
ཞིང་	ཅིང་	PART
སེ་	སེ་	NO_POS
ར་	ལ་	PART
ལྟེམ་	ལྟེམ་	NO_POS
མེ་	མེ་	NOUN
། །		PUNCT
མངོན་སུམ་	མངོན་སུམ་	NOUN
དུ་	ལ་	PART
མཐོང་	མཐོང་	VERB
རྒྱུ་	རྒྱུ་	NOUN
དང་	དང་	NO_POS
རེག་	རེག་	VERB
རྒྱུ་	རྒྱུ་	NOUN
ཡོད་པ་	ཡོད་པ་	VERB
ལྟ་བུ་	ལྟ་བུ་	NOUN
།		PUNCT
མོས་གུས་	མོས་གུས་	NOUN
གདུང་ཤུགས་	གདུང་ཤུགས་	NOUN
དྲག་པོ་	དྲག་པོ་	ADJ
ས་	གིས་	PART
སེམས་	སེམས་	NOUN
ཉམས་འུར་བ་	ཉམས་འུར་བ་	NO_POS
ལྟ་བུ་	ལྟ་བུ་	NOUN
ར་	ལ་	PART
རྩེ་གཅིག་	རྩེ་གཅིག་	ADJ
གཏད་	གཏད་	VERB
།		PUNCT
ཞིང་	ཅིང་	PART
དེ་	དེ་	DET
ར་	ལ་	PART
ཡང་	ཀྱང་	PART
རང་སྐྱེས་	རང་སྐྱེས་	NO_POS
ཚ་	ཚ་	VERB
ཡོད་པ་	ཡོད་པ་	VERB
ལྟ་བུ་	ལྟ་བུ་	NOUN
བསམ་	བསམ་	NOUN
།		PUNCT
གཞན་	གཞན་	DET
ཡང་	ཀྱང་	PART
སྨོན་ལམ་	སྨོན་ལམ་	NOUN
ཚ་	ཚ་	VERB
གཅིག་	གཅིག་	NUM
འདོན་	འདོན་	VERB
ཚེ་	ཚེ་	NOUN
ཡུས་པ་	ཡུས་པ་	NOUN
འི་	གི་	PART
ལོ་	གོ་	PART
ཡུང་	ཡུང་	NO_POS
ཟ་	ཟ་	VERB
ཤོར་བ་	ཤོར་བ་	VERB
དང་	དང་	NO_POS
།		PUNCT
འབྲོག་པ་	འབྲོག་པ་	NOUN
འི་	གི་	PART
བིས་		NON_WORD
ལུག་	ལུག་	NOUN
མ་བུ་	མ་བུ་	NOUN
འདྲེས་པ་	འདྲེས་པ་	VERB
ལྟ་བུ་	ལྟ་བུ་	NOUN
ལ་	ལ་	PART
སེམས་	སེམས་	NOUN
ཤོ་	ཤོ་	NOUN
ར་	ལ་	PART
ན་	ནས་	PART
བདེ་	བདེ་	VERB
སྨོན་	སྨོན་	VERB
འདོན་པ་	འདོན་པ་	VERB
ས་	གིས་	PART
བར་ཆད་	བར་ཆད་	NOUN
བྱུང་	བྱུང་	VERB
ཤ་	ཤ་	VERB
ན་	ལ་	PART
།		PUNCT
འཆི་དུས་	འཆི་དུས་	NO_POS
ཀྱང་	ཀྱང་	PART
བདེ་བ་	བདེ་བ་	VERB
ཅན་	ཅན་	PART
དུ་	ལ་	PART
འགྲོ་བ་	འགྲོ་བ་	VERB
འི་	གི་	PART
ལམ་	གམ་	PART
ན་	ནས་	PART
འཁྲུལ་སྣང་	འཁྲུལ་སྣང་	OTHER
དེ་	སྟེ་	PART
འདྲ་	འདྲ་	VERB
ཤ་	ཤ་	VERB
ན་	ནས་	PART
སླ་	སླ་	ADV
ལྷུང་བ་	ལྷུང་བ་	VERB
ར་	ལ་	PART
འགྱུར་	འགྱུར་	VERB
རོ་	རོ་	NOUN
། །		PUNCT
དེ་བ་	དེ་བ་	OTHER
ས་	གིས་	PART
མདོར་ན་	མདོར་ན་	NO_POS
སྨོན་	སྨོན་	VERB
ཚ་	ཚ་	VERB
གཅིག་	གཅིག་	NUM
འདོན་	འདོན་	VERB
ཚེ་	ཚེ་	NOUN
།		PUNCT
བདེ་བ་	བདེ་བ་	VERB
ཅན་	ཅན་	PART
དུ་	ལ་	PART
མངོན་སུམ་	མངོན་སུམ་	NOUN
དུ་	ལ་	PART
སྐྱེ་	སྐྱེ་	VERB
ཚར་བ་	ཚར་བ་	VERB
ཡོད་པ་	ཡོད་པ་	VERB
ལྟ་	ལྟ་	OTHER
མཐོང་	མཐོང་	VERB
རྒྱུ་	རྒྱུ་	NOUN
དང་	དང་	NO_POS
རིག་	རིག་	VERB
རྒྱུ་	རྒྱུ་	NOUN
ཡོད་པ་	ཡོད་པ་	VERB
ལྟ་	ལྟ་	OTHER
དགའ་སྤྲོ་	དགའ་སྤྲོ་	NOUN
བསྐྱེད་	བསྐྱེད་	VERB
མ་	མ་	PART
ཡེང་བ་	ཡེང་བ་	NO_POS
ར་	ལ་	PART
བྱ་	བྱ་	VERB
འོ་	གོ་	PART
། །		PUNCT
ཞེ་	ཅེས་	PART
དེ་	དེ་	DET
ས་	གིས་	PART
རྒྱུ་	རྒྱུ་	NOUN
དང་པོ་	དང་པོ་	ADJ
ཞིང་	ཅིང་	PART
བཀོད་	བཀོད་	VERB
དྲན་	དྲན་	VERB
སོང་	སོང་	VERB
། ༈		PUNCT
ད་ནི་	ད་ནི་	NO_POS
རྒྱུ་གཉིས་	རྒྱུ་གཉིས་	NO_POS
ཚོགས་	ཚོགས་	NOUN
བསག་	བསག་	NO_POS
ཡན་ལག་	ཡན་ལག་	NOUN
བདུན་པ་	བདུན་པ་	NUM
ནི་	ནི་	NO_POS
མོས་གུས་	མོས་གུས་	NOUN
ན་	ནས་	PART
།		PUNCT
དོན་	དོན་	NOUN
དུ་	ལ་	PART
བསྔོ་བ་	བསྔོ་བ་	VERB
ར་	ལ་	PART
གྱི་	གི་	PART
དོན་	དོན་	NOUN
ལ་	ལ་	PART
བླ་མ་	བླ་མ་	NOUN
འོད་	འོད་	NOUN
དཔག་མེད་	དཔག་མེད་	ADJ
གཙོ་འཁོར་	གཙོ་འཁོར་	OTHER
བདེ་བ་	བདེ་བ་	VERB
ཅན་	ཅན་	PART
ན་	ལ་	PART
བཞུགས་	བཞུགས་	VERB
ཀྱང་	ཀྱང་	PART
ཕྱག་	ཕྱག་	NOUN
འཚལ་	འཚལ་	VERB
ན་	ལ་	PART
།		PUNCT
མོས་གུས་	མོས་གུས་	NOUN
ཕྱག་	ཕྱག་	NOUN
ལ་ཉེ་	ལ་ཉེ་	NO_POS
རིང་	རིང་	NOUN
ཁྱད་མེད་	ཁྱད་མེད་	NO_POS
ཕྱི་	ཕྱི་	OTHER
། །		PUNCT
བདག་	བདག་	PRON
གི་	གི་	PART
རང་	རང་	PRON
ལུས་	ལུས་	NOUN
ཞིང་	ཅིང་	PART
གི་	གི་	PART
རྡུལ་	རྡུལ་	NOUN
སྙེད་	སྙེད་	DET
དུ་	ལ་	PART
སྤྲུལ་	སྤྲུལ་	VERB
ན་	ནས་	PART
སྒོ་གསུམ་	སྒོ་གསུམ་	OTHER
གུས་པ་	གུས་པ་	VERB
ས་	གིས་	PART
ཕྱག་	ཕྱག་	NOUN
འཚལ་	འཚལ་	VERB
ལོ་	གོ་	PART
། །		PUNCT
སྤྲུལ་	སྤྲུལ་	VERB
གཞི་	གཞི་	NOUN
འི་	གི་	PART
ཆ་	ཆ་	NOUN
ན་	ནས་	PART
ཆོས་སྐུ་	ཆོས་སྐུ་	NOUN
ཞེས་་	ཞེས་པ་	PART
ནི་	ནི་	NO_POS
།		PUNCT
ཆོས་སྐུ་	ཆོས་སྐུ་	NOUN
སྣང་བ་	སྣང་བ་	VERB
མཐའ་	མཐའ་	NOUN
ཡ་		
ནི་	ནི་	NO_POS
སྤྲུལ་	སྤྲུལ་	VERB
གཞི་	གཞི་	NOUN
ཡིན་པ་	ཡིན་པ་	AUX
ས་	གིས་	PART
རིགས་	རིགས་	NOUN
ཀྱི་	གི་	PART
བདག་	བདག་	PRON
།		PUNCT
དེ་	དེ་	DET
འི་	གི་	PART
ཕྱག་	ཕྱག་	NOUN
གཡའ་	གཡའ་	NOUN
འོད་ཟེར་	འོད་ཟེར་	NOUN
ལ་	ལ་	ADP
ས་	གིས་	PART
སྤྲུལ་	སྤྲུལ་	VERB
སྤྱན་རས་	སྤྱན་རས་	NO_POS
གཟིགས་	གཟིགས་	VERB
ཡིན་	ཡིན་	NO_POS
། །		PUNCT
དེ་	དེ་	DET
འི་	གི་	PART
ཡང་སྤྲུལ་	ཡང་སྤྲུལ་	OTHER
ནི་	ནི་	NO_POS
སྟོང་གསུམ་	སྟོང་གསུམ་	OTHER
མི་མཇེད་	མི་མཇེད་	PROPN
བྱེ་བ་	བྱེ་བ་	NOUN
ཕྲག་	ཕྲག་	NUM
བརྒྱ་	བརྒྱ་	NUM
ན་	ལ་	PART
སྤྱན་རས་	སྤྱན་རས་	NO_POS
གཟིགས་	གཟིགས་	VERB
དབང་	དབང་	NOUN
བྱེ་བ་	བྱེ་བ་	NOUN
བརྒྱ་	བརྒྱ་	NUM
། །		PUNCT
ཕྱག་	ཕྱག་	NOUN
གཡོན་	གཡོན་	NOUN
འོད་ཟེར་	འོད་ཟེར་	NOUN
ལ་	ལ་	ADP
ས་	གིས་	PART
སྤྲུལ་	སྤྲུལ་	VERB
སྒྲོལ་མ་	སྒྲོལ་མ་	PROPN
སྟེ་	སྟེ་	PART
། །		PUNCT
ཡང་སྤྲུལ་	ཡང་སྤྲུལ་	OTHER
སྒྲོལ་མ་	སྒྲོལ་མ་	PROPN
བྱེ་བ་	བྱེ་བ་	NOUN
ཕྲག་	ཕྲག་	NUM
བརྒྱ་	བརྒྱ་	NUM
འགྱེད་པ་	འགྱེད་པ་	VERB
དེ་	སྟེ་	PART
དང་	དང་	NO_POS
འདྲ་	འདྲ་	VERB
། །		PUNCT
ཐུགས་རྗེ་	ཐུགས་རྗེ་	NOUN
འི་	གི་	PART
འོད་ཟེར་	འོད་ཟེར་	NOUN
ལ་	ལ་	ADP
ས་	གིས་	PART
སྤྲུལ་	སྤྲུལ་	VERB
པདྨ་	པདྨ་	NOUN
འབྱུང་གནས་	འབྱུང་གནས་	NOUN
དང་	དང་	NO_POS
། །		PUNCT
ཡང་སྤྲུལ་	ཡང་སྤྲུལ་	OTHER
སྟོང་གསུམ་	སྟོང་གསུམ་	OTHER
བྱེ་བ་	བྱེ་བ་	NOUN
ཕྲག་	ཕྲག་	NUM
བརྒྱ་	བརྒྱ་	NUM
ན་	ལ་	PART
ཨུ་རྒྱན་	ཨུ་རྒྱན་	PROPN
བྱེ་བ་	བྱེ་བ་	NOUN
ཕྲག་	ཕྲག་	NUM
བརྒྱ་	བརྒྱ་	NUM
འགྱེད་	འགྱེད་	VERB
། །		PUNCT
ལ་	ལ་	ADP
ས་	གིས་	PART
སྤྲུལ་པ་	སྤྲུལ་པ་	VERB
ནི་	ནི་	NO_POS
ཆོས་སྐུ་	ཆོས་སྐུ་	NOUN
འོད་	འོད་	NOUN
དཔག་མེད་	དཔག་མེད་	ADJ
ལ་	ལ་	PART
ཕྱག་	ཕྱག་	NOUN
འཚལ་	འཚལ་	VERB
ལོ་	གོ་	PART
། །		PUNCT
སངས་རྒྱས་	སངས་རྒྱས་	NOUN
སྤྱན་	སྤྱན་	NOUN
གྱིས་	གིས་	PART
ཉིན་མཚན་	ཉིན་མཚན་	ADV
དུས་	དུས་	NOUN
དྲུག་	དྲུག་	NUM
ཏུ་	ལ་	PART
། །		PUNCT
སེམས་ཅན་	སེམས་ཅན་	NOUN
ཀུན་	ཀུན་	DET
ལ་	ལ་	PART
བརྩེ་བ་	བརྩེ་བ་	VERB
ས་	གིས་	PART
རྟག་	རྟག་	VERB
ཏུ་	ལ་	PART
གཟིགས་	གཟིགས་	VERB
། །		PUNCT
སེམས་ཅན་	སེམས་ཅན་	NOUN
ཀུན་	ཀུན་	DET
གྱི་	གི་	PART
ཡིད་	ཡིད་	NOUN
ལ་	ལ་	PART
གང་	གང་	NO_POS
དྲན་པ་	དྲན་པ་	VERB
འི་	གི་	PART
། །		PUNCT
རྣམ་རྟོག་	རྣམ་རྟོག་	NOUN
གང་	གང་	NO_POS
འགྱུས་	འགྱུས་	NO_POS
རྟག་	རྟག་	VERB
ཏུ་	ལ་	PART
ཐུགས་	ཐུགས་	NOUN
ཀྱིས་	གིས་	PART
མཁྱེན་	མཁྱེན་	VERB
། །		PUNCT
སེམས་ཅན་	སེམས་ཅན་	NOUN
ཀུན་	ཀུན་	DET
གྱིས་	གིས་	PART
ངག་	ངག་	NOUN
ཏུ་	ལ་	PART
གང་	གང་	NO_POS
སྨྲ་	སྨྲ་	VERB
ས་	གིས་	PART
ཚིག་	ཚིག་	NOUN
།		PUNCT
རྟག་	རྟག་	VERB
ཏུ་	ལ་	PART
མ་	མ་	PART
འདྲེ་	འདྲེ་	VERB
སོ་སོ་	སོ་སོ་	PRON
ར་	ལ་	PART
གསན་	གསན་	NO_POS
ལགས་	ལགས་	AUX
ན་	ལ་	PART
། །		PUNCT
ཀུན་མཁྱེན་	ཀུན་མཁྱེན་	OTHER
འོད་	འོད་	NOUN
དཔག་མེད་	དཔག་མེད་	ADJ
ལ་	ལ་	PART
རང་དོན་	རང་དོན་	NOUN
ཆོས་སྐུ་	ཆོས་སྐུ་	NOUN
འི་	གི་	PART
ཡོན་ཏན་	ཡོན་ཏན་	NOUN
དྲན་	དྲན་	VERB
ཏེ་	སྟེ་	PART
ཕྱག་	ཕྱག་	NOUN
འཚལ་	འཚལ་	VERB
ལོ་	གོ་	PART
། །		PUNCT
གཞན་དོན་	གཞན་དོན་	NOUN
གཟུགས་སྐུ་	གཟུགས་སྐུ་	NOUN
འི་	གི་	PART
ཡོན་ཏན་	ཡོན་ཏན་	NOUN
དྲན་པ་	དྲན་པ་	VERB
ནི་	ནི་	NO_POS
།		PUNCT
བདེ་བ་	བདེ་བ་	VERB
ཅན་	ཅན་	PART
དུ་	ལ་	PART
གཏན་	གཏན་	NOUN
ན་	ནས་	PART
མི་	མི་	PART
སྐྱེ་བ་	སྐྱེ་བ་	VERB
འི་	གི་	PART
བར་ཆད་	བར་ཆད་	NOUN
རྣམ་པ་	རྣམ་པ་	NOUN
གཉིས་	གཉིས་	NUM
ཏེ་	སྟེ་	PART
།		PUNCT
དམ་པ་	དམ་པ་	VERB
འི་	གི་	PART
ཆོ་	ཆོ་	NOUN
བཤད་སྒྲུབ་	བཤད་སྒྲུབ་	NOUN
མི་	མི་	PART
དགོས་	དགོས་	VERB
ཞེ་	ཅེས་	PART
སྤངས་བ་	སྤངས་བ་	VERB
དང་	དང་	NO_POS
འོག་	འོག་	NOUN
ན་	ནས་	PART
འབྱུང་བ་	འབྱུང་བ་	VERB
འི་	གི་	PART
མཚམས་མེད་	མཚམས་མེད་	NOUN
ཀྱི་	གི་	PART
ལས་ངན་	ལས་ངན་	NOUN
བྱས་པ་	བྱས་པ་	VERB
གཉིས་	གཉིས་	NUM
མ་གཏོགས་པ་	མ་གཏོགས་པ་	NO_POS
། །		PUNCT
གཞན་	གཞན་	DET
ཁྱེད་	ཁྱེད་	PRON
ལ་	ལ་	PART
དད་	དད་	VERB
ཅིང་	ཅིང་	PART
སྨོན་ལམ་	སྨོན་ལམ་	NOUN
བཏབ་	བཏབ་	VERB
ཚད་	ཚད་	NOUN
ཀུན་	ཀུན་	DET
། །		PUNCT
བདེ་བ་	བདེ་བ་	VERB
ཅན་	ཅན་	PART
དེ་	དེ་	DET
ར་	ལ་	PART
སྐྱེ་བ་	སྐྱེ་བ་	VERB
འི་	གི་	PART
སྨོན་ལམ་	སྨོན་ལམ་	NOUN
གྲུབ་	གྲུབ་	VERB
། །		PUNCT
ཡོད་པ་	ཡོད་པ་	VERB
ས་	གིས་	PART
རང་	རང་	PRON
ཤི་	ཤི་	VERB
ན་	ནས་	PART
བར་དོ་	བར་དོ་	NOUN
ར་	ལ་	PART
འཁྱམས་པ་	འཁྱམས་པ་	VERB
འི་	གི་	PART
ཚེ་	ཚེ་	NOUN
འོད་	འོད་	NOUN
དཔག་མེད་	དཔག་མེད་	ADJ
ཀྱི་	གི་	PART
སྤྲུལ་པ་	སྤྲུལ་པ་	VERB
འཁོར་བཅས་	འཁོར་བཅས་	ADJ
བསུ་	བསུ་	NO_POS
མ་ལ་	མ་ལ་	INTJ
བྱོན་	བྱོན་	VERB
ན་	ནས་	PART
སྐད་ཅིག་	སྐད་ཅིག་	OTHER
ལ་	ལ་	PART
ཞིང་	ཅིང་	PART
དེ་	དེ་	DET
ར་	ལ་	PART
འདྲེན་པ་	འདྲེན་པ་	VERB
ར་	ལ་	PART
གསུངས་	གསུངས་	VERB
། །		PUNCT
འདྲེན་པ་	འདྲེན་པ་	VERB
སྤྲུལ་སྐུ་	སྤྲུལ་སྐུ་	NOUN
འོད་	འོད་	NOUN
དཔག་མེད་	དཔག་མེད་	ADJ
ཀྱི་	གི་	PART
ཡོན་ཏན་	ཡོན་ཏན་	NOUN
དྲན་	དྲན་	VERB
ལ་	ལ་	PART
ཕྱག་	ཕྱག་	NOUN
འཚལ་	འཚལ་	VERB
ལོ་	གོ་	PART
། །		PUNCT
ཁྱེད་	ཁྱེད་	PRON
ཀྱི་	གི་	PART
སྐུ་ཚེ་	སྐུ་ཚེ་	NOUN
བསྐལ་པ་	བསྐལ་པ་	NOUN
གྲངས་མེད་	གྲངས་མེད་	NOUN
དུ་	ལ་	PART
། །		PUNCT
མྱ་ངན་	མྱ་ངན་	NOUN
མི་འདའ་	མི་འདའ་	NO_POS
ད་ལྟ་	ད་ལྟ་	OTHER
མངོན་སུམ་	མངོན་སུམ་	NOUN
བཞུགས་	བཞུགས་	VERB
། །		PUNCT
ཁྱེད་	ཁྱེད་	PRON
ལ་རྩེ་	ལ་རྩེ་	NOUN
གཅིག་	གཅིག་	NUM
གུས་པ་	གུས་པ་	VERB
ས་	གིས་	PART
གསོལ་	གསོལ་	VERB
བཏབ་	བཏབ་	VERB
ན་	ལ་	PART
། །		PUNCT
སྔོན་ལས་	སྔོན་ལས་	NOUN
ཀྱི་	གི་	PART
རྣམ་པ་	རྣམ་པ་	NOUN
ར་	ལ་	PART
སྨིན་པ་	སྨིན་པ་	VERB
མ་གཏོགས་པ་	མ་གཏོགས་པ་	NO_POS
འི་	གི་	PART
། །		PUNCT
འཕྲལ་	འཕྲལ་	ADV
རྐྱེན་	རྐྱེན་	NOUN
གྱི་	གི་	PART
ཚེ་ཟད་པ་	ཚེ་ཟད་པ་	ADJ
ཡང་	ཀྱང་	PART
ལོ་	གོ་	PART
བརྒྱ་	བརྒྱ་	NUM
ཐུབ་པ་	ཐུབ་པ་	VERB
དང་	དང་	NO_POS
། །		PUNCT
དུས་	དུས་	NOUN
མིན་	མིན་	AUX
འཆི་བ་	འཆི་བ་	VERB
མ་	མ་	PART
ལུས་	ལུས་	NOUN
བཟློག་པ་	བཟློག་པ་	VERB
ར་	ལ་	PART
གསུངས་	གསུངས་	VERB
དེ་	སྟེ་	PART
འདྲ་བ་	འདྲ་བ་	VERB
འི་	གི་	PART
ཡོན་ཏན་	ཡོན་ཏན་	NOUN
རྗེས་སུ་	རྗེས་སུ་	OTHER
དྲན་	དྲན་	VERB
ཏེ་	སྟེ་	PART
།		PUNCT
ལོངས་སྐུ་	ལོངས་སྐུ་	NOUN
མགོན་པོ་	མགོན་པོ་	NOUN
ཚེ་	ཚེ་	NOUN
དཔག་མེད་	དཔག་མེད་	ADJ
ལ་	ལ་	PART
གུས་ཕྱག་	གུས་ཕྱག་	NO_POS
འཚལ་	འཚལ་	VERB
། །		PUNCT
མཛད་པ་	མཛད་པ་	VERB
ཕྲིན་ལས་	ཕྲིན་ལས་	NOUN
ཀྱི་	གི་	PART
ཡོན་ཏན་	ཡོན་ཏན་	NOUN
ནི་	ནི་	NO_POS
།		PUNCT
སྟོང་གསུམ་	སྟོང་གསུམ་	OTHER
འཇིག་རྟེན་	འཇིག་རྟེན་	NOUN
རབ་འབྱམས་	རབ་འབྱམས་	ADJ
གྲངས་མེད་པ་	གྲངས་མེད་པ་	NOUN
འི་	གི་	PART
ཞིང་	ཅིང་	PART
དེ་	སྟེ་	PART
། །		PUNCT
གསེར་དངུལ་	གསེར་དངུལ་	NOUN
སོགས་	སོགས་	DET
རིན་ཆེན་	རིན་ཆེན་	OTHER
སྣ་ཚོགས་	སྣ་ཚོགས་	DET
གྱིས་	གིས་	PART
བཀང་	བཀང་	VERB
སྟེ་	སྟེ་	PART
སྦྱིན་པ་	སྦྱིན་པ་	VERB
བྱིན་པ་	བྱིན་པ་	VERB
བ་	བ་	ADP
། །		PUNCT
འོད་	འོད་	NOUN
དཔག་མེད་པ་	དཔག་མེད་པ་	ADJ
འི་	གི་	PART
མཚན་	མཚན་	NOUN
དང་	དང་	NO_POS
བདེ་བ་	བདེ་བ་	VERB
ཅན་	ཅན་	PART
། །		PUNCT
ཐོ་	ཐོ་	VERB
ན་	ནས་	PART
དད་པ་	དད་པ་	VERB
ས་	གིས་	PART
ལག་པ་	ལག་པ་	NOUN
འི་	གི་	PART
ཐལ་མོ་	ཐལ་མོ་	NOUN
ཙམ་	ཙམ་	DET
སྦྱར་བ་	སྦྱར་བ་	VERB
ར་	ལ་	PART
བྱ་	བྱ་	VERB
ན་	ལ་	PART
། །		PUNCT
དེ་	སྟེ་	PART
ནི་	ནི་	NO_POS
སྔ་མ་	སྔ་མ་	ADJ
དེ་བ་	དེ་བ་	OTHER
ས་	གིས་	PART
བསོད་ནམས་	བསོད་ནམས་	NOUN
ཆེ་བ་	ཆེ་བ་	VERB
ར་	ལ་	PART
གསུངས་	གསུངས་	VERB
། །		PUNCT
དེ་ཕྱིར་	དེ་ཕྱིར་	NO_POS
འོད་	འོད་	NOUN
དཔག་མེད་	དཔག་མེད་	ADJ
ལ་	ལ་	PART
གུས་ཕྱག་	གུས་ཕྱག་	NO_POS
འཚལ་	འཚལ་	VERB
། །		PUNCT
སེམས་ཅན་	སེམས་ཅན་	NOUN
གང་ཟག་	གང་ཟག་	NOUN
སུ་	ལ་	PART
ཡང་	ཀྱང་	PART
རུང་བ་	རུང་བ་	VERB
ཞིག་	ཅིག་	PART
གིས་	གིས་	PART
འོད་	འོད་	NOUN
དཔག་མེད་པ་	དཔག་མེད་པ་	ADJ
འི་	གི་	PART
མཚན་	མཚན་	NOUN
ཐོ་	ཐོ་	VERB
ན་	ནས་	PART
། །		PUNCT
ཁ་ཞེ་	ཁ་ཞེ་	NOUN
མེད་པ་	མེད་པ་	VERB
ར་	ལ་	PART
སྙིང་	སྙིང་	NOUN
གི་	གི་	PART
ཁོང་	ཁོང་	PRON
རུས་པ་	རུས་པ་	NOUN
འི་	གི་	PART
གཏིང་	གཏིང་	NOUN
། །		PUNCT
ལན་	ལན་	NOUN
གཅིག་	གཅིག་	NUM
ཙམ་	ཙམ་	DET
ཞིག་	ཅིག་	PART
དད་པ་	དད་པ་	VERB
སྐྱེས་པ་	སྐྱེས་པ་	VERB
ན་	ལ་	PART
། །		PUNCT
དད་པ་	དད་པ་	VERB
ཅན་	ཅན་	PART
དེ་	སྟེ་	PART
ནི་	ནི་	NO_POS
བྱང་ཆུབ་	བྱང་ཆུབ་	NOUN
ལམ་	གམ་	PART
ལ་	ལ་	ADP
ས་	གིས་	PART
ཕྱི་	ཕྱི་	OTHER
མི་	མི་	PART
ལྡོག་པ་	ལྡོག་པ་	VERB
འཁོར་བ་	འཁོར་བ་	NOUN
མཐའ་ཅན་	མཐའ་ཅན་	NO_POS
དུ་	ལ་	PART
འགྱུར་བ་	འགྱུར་བ་	VERB
འི་	གི་	PART
ཕྱི་	ཕྱི་	OTHER
། །		PUNCT
མགོན་པོ་	མགོན་པོ་	NOUN
འོད་	འོད་	NOUN
དཔག་མེད་	དཔག་མེད་	ADJ
ལ་	ལ་	PART
ཕྱག་	ཕྱག་	NOUN
འཚལ་	འཚལ་	VERB
ལོ་	གོ་	PART
། །		PUNCT
སངས་རྒྱས་	སངས་རྒྱས་	NOUN
འོད་	འོད་	NOUN
དཔག་མེད་པ་	དཔག་མེད་པ་	ADJ
འི་	གི་	PART
མཚན་	མཚན་	NOUN
ཐོ་	ཐོ་	VERB
ན་	ནས་	PART
། །		PUNCT
དེ་	སྟེ་	PART
ནི་	ནི་	NO_POS
བྱང་ཆུབ་	བྱང་ཆུབ་	NOUN
སྙིང་པོ་	སྙིང་པོ་	NOUN
མ་	མ་	PART
ཐོབ་	ཐོབ་	VERB
བ་	བ་	NOUN
། །		PUNCT
རྟེན་	རྟེན་	NOUN
དམན་པ་	དམན་པ་	VERB
བུད་མེད་	བུད་མེད་	NOUN
མི་	མི་	PART
སྐྱེ་	སྐྱེ་	NOUN
རིགས་	རིགས་	NOUN
ནི་	ནི་	NO_POS
བཟང་པོ་	བཟང་པོ་	ADJ
ར་	ལ་	PART
སྐྱེ་	སྐྱེ་	NOUN
། །		PUNCT
ཚེ་རབས་	ཚེ་རབས་	NOUN
ཀུན་	ཀུན་	DET
ཏུ་	ལ་	PART
ཚུལ་ཁྲིམས་	ཚུལ་ཁྲིམས་	NOUN
རྣམ་དག་	རྣམ་དག་	ADJ
འགྱུར་	འགྱུར་	VERB
། །		PUNCT
བདེ་གཤེགས་	བདེ་གཤེགས་	NOUN
འོད་	འོད་	NOUN
དཔག་མེད་	དཔག་མེད་	ADJ
ལ་	ལ་	PART
ཕྱག་	ཕྱག་	NOUN
འཚལ་	འཚལ་	VERB
ལོ་	གོ་	PART
། །		PUNCT
དེ་	དེ་	DET
ས་	གིས་	PART
ཕྱག་	ཕྱག་	NOUN
འཚལ་བ་	འཚལ་བ་	VERB
འི་	གི་	PART
ཡན་ལག་	ཡན་ལག་	NOUN
སོང་	སོང་	VERB
།		PUNCT
ད་ནི་	ད་ནི་	NO_POS
མཆོད་པ་	མཆོད་པ་	VERB
ཕུལ་བ་	ཕུལ་བ་	VERB
འི་	གི་	PART
ཡན་ལག་	ཡན་ལག་	NOUN
ལ་	ལ་	PART
།		PUNCT
བདག་	བདག་	PRON
གི་	གི་	PART
ལུས་	ལུས་	NOUN
དང་	དང་	NO_POS
ལོངས་སྤྱོད་	ལོངས་སྤྱོད་	NOUN
དགེ་རྩ་	དགེ་རྩ་	OTHER
ར་	ལ་	PART
བཅའ་	བཅའ་	VERB
། །		PUNCT
མཆོད་ཡོན་	མཆོད་ཡོན་	OTHER
མེ་ཏོག་	མེ་ཏོག་	NOUN
།		PUNCT
བདུག་སྤོས་	བདུག་སྤོས་	NOUN
།		PUNCT
མར་མེ་	མར་མེ་	NOUN
།		PUNCT
དྲི་ཆབ་	དྲི་ཆབ་	NO_POS
།		PUNCT
ཞལ་ཟས་	ཞལ་ཟས་	NOUN
བརྒྱ་རྩ་	བརྒྱ་རྩ་	OTHER
ཡན་མན་	ཡན་མན་	NO_POS
སོགས་	སོགས་	DET
དངོ་	དངོ་	NOUN
སུ་	ལ་	PART
འབྱོར་བ་	འབྱོར་བ་	VERB
འི་	གི་	PART
མཆོད་པ་	མཆོད་པ་	VERB
ཅི་	ཅི་	NO_POS
མཆིས་པ་	མཆིས་པ་	VERB
། །		PUNCT
ཡིད་	ཡིད་	NOUN
ཀྱིས་	གིས་	PART
སྤྲུལ་པ་	སྤྲུལ་པ་	VERB
འི་	གི་	PART
མཆོད་པ་	མཆོད་པ་	VERB
ནི་	ནི་	NO_POS
།		PUNCT
མེ་ལོང་	མེ་ལོང་	NOUN
།		PUNCT
གི་	གི་	PART
ཝཾ་	ཝཾ་	NO_POS
།		PUNCT
ལི་ཁྲི་	ལི་ཁྲི་	NOUN
།		PUNCT
དུང་	དུང་	NOUN
།		PUNCT
ཡུངས་ཀར་	ཡུངས་ཀར་	NO_POS
།		PUNCT
དཱུརྦ་		NON_WORD
།		PUNCT
བིལྦ་	བིལྦ་	NO_POS
།		PUNCT
ཞོ་	ཞོ་	NOUN
འི་	གི་	PART
རིགས་	རིགས་	NOUN
དཔག་	དཔག་	VERB
ཏུ་	ལ་	PART
མེད་པ་	མེད་པ་	VERB
ནི་	ནི་	NO_POS
བཀྲ་ཤིས་	བཀྲ་ཤིས་	NOUN
རྫ་	རྫ་	NOUN
བརྒྱད་	བརྒྱད་	NUM
དང་	དང་	NO_POS
།		PUNCT
དཔལ་	དཔལ་	OTHER
བཻ་	བཻ་	NO_POS
།		PUNCT
དུང་	དུང་	NOUN
དཀ་	དཀའ་	VERB
ར་	ལ་	PART
།		PUNCT
རྒྱལ་མཚན་	རྒྱལ་མཚན་	NOUN
།		PUNCT
གདུགས་	གདུགས་	NOUN
།		PUNCT
བུམ་པ་	བུམ་པ་	NOUN
།		PUNCT
པདྨ་	པདྨ་	NOUN
།		PUNCT
འཁོར་ལོ་	འཁོར་ལོ་	NOUN
།		PUNCT
ཉ་མ་	ཉ་མ་	NOUN
འི་	གི་	PART
རིགས་	རིགས་	NOUN
ཏེ་	སྟེ་	PART
བཀྲ་ཤིས་པ་	བཀྲ་ཤིས་པ་	NOUN
འི་	གི་	PART
རྟགས་	རྟགས་	NOUN
བརྒྱད་	བརྒྱད་	NUM
དང་	དང་	NO_POS
།		PUNCT
འཁོར་ལོ་	འཁོར་ལོ་	NOUN
།		PUNCT
ནོར་བུ་	ནོར་བུ་	NOUN
།		PUNCT
བཙུན་མོ་	བཙུན་མོ་	NOUN
།		PUNCT
བློན་པོ་	བློན་པོ་	NOUN
།		PUNCT
གླང་པོ་	གླང་པོ་	NOUN
།		PUNCT
རྟ་མཆོག་	རྟ་མཆོག་	NOUN
།		PUNCT
དམག་དཔོན་	དམག་དཔོན་	NOUN
བཅའ་	བཅའ་	VERB
རིན་ཆེན་	རིན་ཆེན་	OTHER
སྣ་	སྣ་	NOUN
བདུན་	བདུན་	NUM
། །		PUNCT
གདོད་	གདོད་	NO_POS
ན་	ནས་	PART
གྲུབ་པ་	གྲུབ་པ་	VERB
འི་	གི་	PART
མཆོད་པ་	མཆོད་པ་	VERB
ནི་	ནི་	NO_POS
དང་པོ་	དང་པོ་	ADJ
འཇིག་རྟེན་	འཇིག་རྟེན་	NOUN
གྱི་	གི་	PART
ཁམས་	ཁམས་	NOUN
ཆགས་པ་	ཆགས་པ་	VERB
འི་	གི་	PART
དུས་	དུས་	NOUN
ན་	ནས་	PART
ཡོད་པ་	ཡོད་པ་	VERB
འི་	གི་	PART
སྟོང་གསུམ་	སྟོང་གསུམ་	OTHER
འཇིག་རྟེན་	འཇིག་རྟེན་	NOUN
གྱི་	གི་	PART
། །		PUNCT
གླིང་བཞི་	གླིང་བཞི་	NO_POS
རི་རབ་	རི་རབ་	PROPN
ཉི་ཟླ་	ཉི་ཟླ་	NOUN
བྱེ་བ་	བྱེ་བ་	NOUN
བརྒྱ་	བརྒྱ་	NUM
། །		PUNCT
ལྷ་	ལྷ་	NOUN
ཀླུ་	ཀླུ་	NOUN
མི་	མི་	PART
ཡི་	གི་	PART
ལོངས་སྤྱོད་	ལོངས་སྤྱོད་	NOUN
ཐམས་ཅད་	ཐམས་ཅད་	DET
ཀུན་	ཀུན་	DET
། །		PUNCT
བློ་	བློ་	NOUN
ཡི་	གིས་	PART
བླངས་	བླངས་	VERB
ཏེ་	སྟེ་	PART
གསལ་བཏབ་	གསལ་བཏབ་	NO_POS
ན་	ནས་	PART
འོད་	འོད་	NOUN
དཔག་མེད་	དཔག་མེད་	ADJ
ལ་	ལ་	PART
འབུལ་	འབུལ་	NO_POS
། །		PUNCT
བདག་	བདག་	PRON
ལ་	ལ་	PART
ཕན་	ཕན་	NOUN
ཕྱི་	ཕྱི་	OTHER
ཐུགས་རྗེ་	ཐུགས་རྗེ་	NOUN
འི་	གི་	PART
སྟོབས་	སྟོབས་	NOUN
ཀྱིས་	གིས་	PART
བཞེས་	བཞེས་	VERB
ཤིག་	ཅིག་	PART
ཅེས་	ཅེས་	PART
མཆོད་པ་	མཆོད་པ་	VERB
འི་	གི་	PART
ཡན་ལག་	ཡན་ལག་	NOUN
སོང་	སོང་	VERB
། །		PUNCT
བཤགས་པ་	བཤགས་པ་	VERB
འི་	གི་	PART
ཡན་ལག་	ཡན་ལག་	NOUN
ནི་	ནི་	NO_POS
།		PUNCT
ཕ་མ་	ཕ་མ་	NOUN
ས་	གིས་	PART
ཐོག་དྲངས་	ཐོག་དྲངས་	ADJ
བདག་	བདག་	PRON
སོགས་	སོགས་	DET
འགྲོ་	འགྲོ་	VERB
ཀུན་	ཀུན་	DET
གྱི་	གི་	PART
། །		PUNCT
ཐོག་མ་	ཐོག་མ་	NOUN
མེད་པ་	མེད་པ་	VERB
འི་	གི་	PART
དུས་	དུས་	NOUN
ན་	ནས་	PART
ད་ལྟ་	ད་ལྟ་	OTHER
འི་	གི་	PART
བ་	བ་	NOUN
། །		PUNCT
སྲོག་	སྲོག་	NOUN
བཅད་	བཅད་	VERB
མ་	མ་	PART
བྱིན་ལེན་	བྱིན་ལེན་	NO_POS
དང་	དང་	NO_POS
མི་	མི་	PART
ཚངས་སྤྱོད་	ཚངས་སྤྱོད་	NO_POS
། །		PUNCT
ལུས་	ལུས་	NOUN
ཀྱི་	གི་	PART
མི་དགེ་	མི་དགེ་	NOUN
གསུམ་པོ་	གསུམ་པོ་	NUM
མཐོལ་	མཐོལ་	NO_POS
ལོ་	གོ་	PART
བཤགས་	བཤགས་	NO_POS
། །		PUNCT
རྫུན་	རྫུན་	NOUN
དང་	དང་	NO_POS
ཕྲ་མ་	ཕྲ་མ་	NOUN
ཚིག་རྩུབ་	ཚིག་རྩུབ་	NOUN
ངག་འཁྱལ་བ་	ངག་འཁྱལ་བ་	NO_POS
། །		PUNCT
ངག་	ངག་	NOUN
གི་	གི་	PART
མི་དགེ་	མི་དགེ་	NOUN
བཞི་པོ་	བཞི་པོ་	NUM
མཐོལ་	མཐོལ་	NO_POS
ལོ་	གོ་	PART
བཤགས་	བཤགས་	NO_POS
། །		PUNCT
ཆགས་པ་	ཆགས་པ་	VERB
འི་	གི་	PART
བརྣབ་སེམས་	བརྣབ་སེམས་	NOUN
ཞེ་སྡང་བ་	ཞེ་སྡང་བ་	NOUN
འི་	གི་	PART
གནོད་སེམས་	གནོད་སེམས་	NOUN
ལ་	ལ་	ADP
ས་	གིས་	PART
རྒྱུ་འབྲས་	རྒྱུ་འབྲས་	NOUN
དང་	དང་	NO_POS
དཀོན་མཆོག་	དཀོན་མཆོག་	NOUN
ལ་	ལ་	PART
སྐུར་་	སྐུར་པ་	NOUN
འདེབས་པ་	འདེབས་པ་	VERB
འི་	གི་	PART
ལོག་པ་	ལོག་པ་	VERB
ར་	ལ་	PART
ལྟ་བ་	ལྟ་བ་	VERB
སྟེ་	སྟེ་	PART
། །		PUNCT
ཡིད་	ཡིད་	NOUN
ཀྱི་	གི་	PART
མི་དགེ་	མི་དགེ་	NOUN
གསུམ་པོ་	གསུམ་པོ་	NUM
འཁོར་བ་	འཁོར་བ་	NOUN
ཐོག་མེད་	ཐོག་མེད་	PROPN
ན་	ནས་	PART
བསགས་	བསགས་	VERB
ཚད་	ཚད་	NOUN
མཐོལ་	མཐོལ་	NO_POS
ལོ་	གོ་	PART
བཤགས་	བཤགས་	NO_POS
། །		PUNCT
ཕ་མ་	ཕ་མ་	NOUN
དང་	དང་	NO_POS
ཇོ་བོ་	ཇོ་བོ་	NOUN
བཀའ་	བཀའ་	NOUN
གདམས་པ་	གདམས་པ་	VERB
འི་	གི་	PART
གསུང་སྒྲོས་	གསུང་སྒྲོས་	NOUN
ལ་	ལ་	ADP
ས་	གིས་	PART
འབྱུང་བ་	འབྱུང་བ་	VERB
ལྟ་	ལྟ་	OTHER
སློབ་དཔོན་	སློབ་དཔོན་	NOUN
དང་	དང་	NO_POS
དགྲ་བཅོམ་	དགྲ་བཅོམ་	NOUN
བཅའ་	བཅའ་	VERB
བསད་པ་	བསད་པ་	VERB
བཞི་	བཞི་	NUM
དང་	དང་	NO_POS
། །		PUNCT
རྒྱལ་བ་	རྒྱལ་བ་	NOUN
འི་	གི་	PART
སྐུ་	སྐུ་	NOUN
ལ་	ལ་	PART
འབྱུང་	འབྱུང་	VERB
བཞག་	བཞག་	VERB
སྙམ་	སྙམ་	VERB
ན་	ནས་	PART
ཁྲག་འབྱིན་པ་	ཁྲག་འབྱིན་པ་	NO_POS
ཙམ་	ཙམ་	DET
ལ་	ལ་	ADP
ས་	གིས་	PART
དངོ་	དངོ་	NOUN
སུ་	ལ་	PART
བགྲུང་	བགྲུང་	NO_POS
རྒྱུ་	རྒྱུ་	NOUN
མེད་པ་	མེད་པ་	VERB
ས་	གིས་	PART
ངན་	ངན་	VERB
སེམས་སྐྱེས་པ་	སེམས་སྐྱེས་པ་	NO_POS
དང་	དང་	NO_POS
། །		PUNCT
ལྔ་པོ་	ལྔ་པོ་	NUM
ནི་	ནི་	NO_POS
དམྱལ་བ་	དམྱལ་བ་	NOUN
མནར་མེད་	མནར་མེད་	NO_POS
ཀྱི་	གི་	PART
གནས་	གནས་	NOUN
སུ་	ལ་	PART
བར་ཆད་	བར་ཆད་	NOUN
ཀྱི་	གི་	PART
མཚམས་མེད་པ་	མཚམས་མེད་པ་	NOUN
ར་	ལ་	PART
སྐྱེ་བ་	སྐྱེ་བ་	VERB
འི་	གི་	PART
རྒྱུ་	རྒྱུ་	NOUN
ཡིན་པ་	ཡིན་པ་	AUX
ས་	གིས་	PART
མཚམས་མེད་	མཚམས་མེད་	NOUN
ལྔ་	ལྔ་	NUM
ཡི་	གི་	PART
ལ་	ལ་	ADP
ས་	གིས་	PART
འཁོར་བ་	འཁོར་བ་	NOUN
ཐོག་མེད་	ཐོག་མེད་	PROPN
ན་	ནས་	PART
བསགས་	བསགས་	VERB
ཚད་	ཚད་	NOUN
ཐམས་ཅད་	ཐམས་ཅད་	DET
མཐོལ་	མཐོལ་	NO_POS
ལོ་	གོ་	PART
བཤགས་	བཤགས་	NO_POS
། །		PUNCT
དགེ་སློང་	དགེ་སློང་	NOUN
དགེ་ཚུལ་	དགེ་ཚུལ་	VERB
བསད་	བསད་	NO_POS
དང་	དང་	NO_POS
བཙུན་མ་	བཙུན་མ་	ADJ
སྐྱ་	སྐྱ་	VERB
ས་	ས་	ADP
ར་	ལ་	PART
ཕབ་པ་	ཕབ་པ་	VERB
དང་	དང་	NO_POS
།		PUNCT
ཞིག་	ཅིག་	PART
གསོལ་	གསོལ་	VERB
ལྟ་བུ་	ལྟ་བུ་	NOUN
འི་	གི་	PART
ཆེད་	ཆེད་	NOUN
དུ་མ་	དུ་མ་	ADJ
ཡིན་པ་	ཡིན་པ་	AUX
འི་	གི་	PART
སྐུ་གཟུགས་	སྐུ་གཟུགས་	NOUN
དང་	དང་	NO_POS
མཆོད་རྟེན་	མཆོད་རྟེན་	NOUN
དང་	དང་	NO_POS
ལྷ་ཁང་	ལྷ་ཁང་	NOUN
དང་	དང་	NO_POS
ཡི་གེ་	ཡི་གེ་	NOUN
དཔེ་ཆ་	དཔེ་ཆ་	NOUN
ཆུད་	ཆུད་	VERB
ཟོ་	ཟོ་	VERB
སུ་	ལ་	PART
བཤིག་	བཤིག་	VERB
ལ་སོགས་	ལ་སོགས་	NO_POS
། །		PUNCT
ཉེ་བ་	ཉེ་བ་	VERB
འི་	གི་	PART
མཚམས་མེད་	མཚམས་མེད་	NOUN
སྡིག་	སྡིག་	NOUN
བྱ་	བྱ་	VERB
ཚད་	ཚད་	NOUN
མཐོལ་	མཐོལ་	NO_POS
ལོ་	གོ་	PART
བཤགས་	བཤགས་	NO_POS
། །		PUNCT
མནའ་	མནའ་	NOUN
བསྐྱལ་བ་	བསྐྱལ་བ་	VERB
འི་	གི་	PART
དུས་	དུས་	NOUN
སུ་	ལ་	PART
དཀོན་མཆོག་	དཀོན་མཆོག་	NOUN
གསུམ་	གསུམ་	NUM
དང་	དང་	NO_POS
ལྷ་ཁང་	ལྷ་ཁང་	NOUN
གསུང་རབ་	གསུང་རབ་	NOUN
རྣམས་	རྣམས་	DET
ལ་ཚད་	ལ་ཚད་	NO_POS
བཙུགས་པ་	བཙུགས་པ་	VERB
དང་	དང་	NO_POS
རྟེན་	རྟེན་	NOUN
གསུམ་	གསུམ་	NUM
སོགས་	སོགས་	DET
། །		PUNCT
དཔང་	དཔང་	NO_POS
ཞེ་	ཅེས་	PART
ཚད་	ཚད་	NOUN
བཙུགས་	བཙུགས་	NO_POS
མནའ་	མནའ་	NOUN
ཟོ་	ཟོ་	VERB
ལ་སོགས་པ་	ལ་སོགས་པ་	NO_POS
རྣམས་	རྣམས་	DET
ནི་	ནི་	NO_POS
། །		PUNCT
ཆོ་	ཆོ་	NOUN
སྤངས་	སྤངས་	VERB
ལས་ངན་	ལས་ངན་	NOUN
བསགས་པ་	བསགས་པ་	VERB
འི་	གི་	PART
ཕྱོགས་	ཕྱོགས་	NOUN
སུ་	ལ་	PART
ཉེ་བ་	ཉེ་བ་	VERB
ས་	གིས་	PART
ན་	ལ་	PART
མཐོལ་	མཐོལ་	NO_POS
ལོ་	གོ་	PART
བཤགས་	བཤགས་	NO_POS
། །		PUNCT
མཐོལ་	མཐོལ་	NO_POS
ལོ་	གོ་	PART
ཞེས་་	ཞེས་པ་	PART
ནི་	ནི་	NO_POS
ཉེས་པ་	ཉེས་པ་	VERB
དེ་	སྟེ་	PART
མི་	མི་	PART
གསང་བ་	གསང་བ་	VERB
ར་	ལ་	PART
སྨྲ་བ་	སྨྲ་བ་	VERB
ཡིན་	ཡིན་	NO_POS
།		PUNCT
བཤགས་	བཤགས་	NO_POS
ཞེས་་	ཞེས་པ་	PART
ནི་	ནི་	NO_POS
རྡུལ་ཕྲན་	རྡུལ་ཕྲན་	NOUN
བཞིན་	བཞིན་	NOUN
བཤིག་པ་	བཤིག་པ་	VERB
འི་	གི་	PART
དོན་	དོན་	NOUN
ཡིན་	ཡིན་	NO_POS
།		PUNCT
ཁམས་	ཁམས་	NOUN
གསུམ་	གསུམ་	NUM
སེམས་ཅན་	སེམས་ཅན་	NOUN
བསད་	བསད་	NO_POS
ལ་	ལ་	ADP
ས་	གིས་	PART
སྡིག་	སྡིག་	NOUN
ཆེ་བ་	ཆེ་བ་	VERB
ནི་	ནི་	NO_POS
། །		PUNCT
སྤྱི་		
བླ་མ་	བླ་མ་	NOUN
གྲྭ་པ་	གྲྭ་པ་	NOUN
རྣམས་	རྣམས་	DET
ལ་	ལ་	PART
ཞུ་བ་	ཞུ་བ་	VERB
ར་	ལ་	PART
བྱ་	བྱ་	VERB
ན་	ལ་	PART
ནི་	ནི་	NO_POS
དེ་	དེ་	DET
འི་	གི་	PART
ནང་	ནང་	NOUN
བྱང་ཆུབ་	བྱང་ཆུབ་	NOUN
སེམས་དཔའ་	སེམས་དཔའ་	NOUN
རྣམས་	རྣམས་	DET
ལ་	ལ་	PART
སྐུར་་	སྐུར་པ་	NOUN
བཏབ་	བཏབ་	VERB
། །		PUNCT
ཆུ་ཕོ་	ཆུ་ཕོ་	NO_POS
ར་	ལ་	PART
གང་	གང་	NO_POS
གི་	གི་	PART
དོན་མེད་	དོན་མེད་	ADJ
སྡིག་	སྡིག་	NOUN
ཆེན་	ཆེན་	NO_POS
བསགས་པ་	བསགས་པ་	VERB
མཐོལ་	མཐོལ་	NO_POS
ལོ་	གོ་	PART
བཤགས་	བཤགས་	NO_POS
། །		PUNCT
དགེ་བ་	དགེ་བ་	VERB
འི་	གི་	PART
ཕན་ཡོན་	ཕན་ཡོན་	NOUN
དང་	དང་	NO_POS
སྡིག་པ་	སྡིག་པ་	VERB
འི་	གི་	PART
ཉེས་དམིགས་	ཉེས་དམིགས་	NOUN
ཐོས་པ་	ཐོས་པ་	VERB
དང་	དང་	NO_POS
། །		PUNCT
དམྱལ་བ་	དམྱལ་བ་	NOUN
འི་	གི་	PART
སྡུག་བསྔལ་	སྡུག་བསྔལ་	NOUN
ཚེ་ཚད་	ཚེ་ཚད་	NOUN
ལ་སོགས་པ་	ལ་སོགས་པ་	NO_POS
བླ་མ་	བླ་མ་	NOUN
ལ་	ལ་	ADP
ས་	གིས་	PART
། །		PUNCT
ཐོ་	ཐོ་	VERB
ཀྱང་	ཀྱང་	PART
མི་	མི་	PART
བདེན་	བདེན་	VERB
དེ་	སྟེ་	PART
འདྲ་	འདྲ་	VERB
བཤད་	བཤད་	VERB
ཚོད་	ཚོད་	NOUN
ཡིན་	ཡིན་	NO_POS
བསམས་པ་	བསམས་པ་	VERB
། །		PUNCT
མཚམས་མེད་	མཚམས་མེད་	NOUN
ལྔ་	ལྔ་	NUM
བ་	བ་	ADP
ཐུ་བ་	ཐུ་བ་	NOUN
འི་	གི་	PART
ལས་ངན་པ་	ལས་ངན་པ་	NOUN
། །		PUNCT
ཐ་	ཐ་	VERB
མེད་	མེད་	VERB
ལས་ངན་	ལས་ངན་	NOUN
བསགས་པ་	བསགས་པ་	VERB
མཐོལ་	མཐོལ་	NO_POS
ལོ་	གོ་	PART
བཤགས་	བཤགས་	NO_POS
། །		PUNCT
ཞེ་	ཅེས་	PART
ཉེས་པ་	ཉེས་པ་	VERB
སྤྱི་	སྤྱི་	DET
བཤགས་	བཤགས་	NO_POS
།		PUNCT
བྱེ་བྲག་	བྱེ་བྲག་	NOUN
སོ་ཐར་	སོ་ཐར་	OTHER
།		PUNCT
བྱང་སེམས་	བྱང་སེམས་	NOUN
།		PUNCT
སྔགས་སྡོམ་	སྔགས་སྡོམ་	NO_POS
གྱི་	གི་	PART
ལྟུང་བ་	ལྟུང་བ་	VERB
གསུམ་	གསུམ་	NUM
ལ་	ལ་	ADP
ས་	གིས་	PART
།		PUNCT
ཕྱི་སོ་	ཕྱི་སོ་	NO_POS
ཐ་	ཐ་	VERB
སྡོམ་པ་	སྡོམ་པ་	NOUN
འི་	གི་	PART
སྤང་བྱ་	སྤང་བྱ་	NOUN
ཉེས་ལྟུང་	ཉེས་ལྟུང་	NOUN
ཀུན་	ཀུན་	DET
གྱི་	གི་	PART
རྩ་བ་	རྩ་བ་	NOUN
ལྟ་བུ་	ལྟ་བུ་	NOUN
ནི་	ནི་	NO_POS
།		PUNCT
སྲོག་གཅོད་པ་	སྲོག་གཅོད་པ་	NOUN
དང་	དང་	NO_POS
།		PUNCT
རྐུ་	རྐུ་	NO_POS
བྱེད་པ་	བྱེད་པ་	VERB
དང་	དང་	NO_POS
།		PUNCT
བུད་མེད་	བུད་མེད་	NOUN
ལ་	ལ་	PART
མི་	མི་	PART
ཚངས་སྤྱོད་པ་	ཚངས་སྤྱོད་པ་	NO_POS
དང་	དང་	NO_POS
།		PUNCT
མངོན་ཤེས་	མངོན་ཤེས་	NOUN
ཅན་	ཅན་	PART
ཡིན་	ཡིན་	NO_POS
མདོག་	མདོག་	NOUN
ལྟ་བུ་	ལྟ་བུ་	NOUN
འི་	གི་	PART
རྫུན་	རྫུན་	NOUN
ལབ་པ་	ལབ་པ་	VERB
བཅའ་	བཅའ་	VERB
མདོར་ན་	མདོར་ན་	NO_POS
།		PUNCT
གསོད་	གསོད་	NO_POS
རྐུ་	རྐུ་	NO_POS
མི་	མི་	PART
ཚངས་	ཚངས་	VERB
རྫུན་	རྫུན་	NOUN
གྱི་	གི་	PART
ཕམ་པ་	ཕམ་པ་	VERB
བཞི་	བཞི་	NUM
ཞེ་	ཅེས་	PART
བསྲུང་	བསྲུང་	NO_POS
བྱ་	བྱ་	VERB
བློ་	བློ་	NOUN
ཐོག་	ཐོག་	NOUN
ཏུ་	ལ་	PART
བཟུང་	བཟུང་	NO_POS
རྒྱུ་	རྒྱུ་	NOUN
འདི་ཉིད་	འདི་ཉིད་	OTHER
ནི་	ནི་	NO_POS
གཙོ་བོ་	གཙོ་བོ་	ADJ
སྟེ་	སྟེ་	PART
དེ་	སྟེ་	PART
བྱུང་	བྱུང་	VERB
ན་	ལ་	PART
སངས་རྒྱས་	སངས་རྒྱས་	NOUN
ཀྱི་	གི་	PART
རྗེས་འཇུག་	རྗེས་འཇུག་	NOUN
མིན་པ་	མིན་པ་	VERB
དང་	དང་	NO_POS
གཞན་	གཞན་	DET
ཡང་	ཀྱང་	PART
ལྷག་མ་	ལྷག་མ་	NOUN
བཅུ་གསུམ་	བཅུ་གསུམ་	NO_POS
དང་	དང་	NO_POS
། །		PUNCT
སྤང་ལྟུང་	སྤང་ལྟུང་	NOUN
སུམ་ཅུ་	སུམ་ཅུ་	OTHER
ལྟུང་བྱེད་	ལྟུང་བྱེད་	NOUN
དགུ་	དགུ་	NUM
བཅུ་	བཅུ་	NUM
བཅའ་	བཅའ་	VERB
དང་	དང་	NO_POS
སོ་	སོ་	PART
ར་	ལ་	PART
བཤགས་	བཤགས་	NO_POS
བཞི་	བཞི་	NUM
དང་	དང་	NO_POS
ཉེས་བྱས་	ཉེས་བྱས་	NO_POS
བརྒྱ་	བརྒྱ་	NUM
དང་	དང་	NO_POS
བཅུ་གཉིས་	བཅུ་གཉིས་	NO_POS
དང་	དང་	NO_POS
བཅའ་	བཅའ་	VERB
སྡེ་ཚན་	སྡེ་ཚན་	NOUN
ལྔ་	ལྔ་	NUM
ལ་	ལ་	ADP
ས་	གིས་	PART
། །		PUNCT
སོ་ཐར་	སོ་ཐར་	OTHER
ཚུལ་ཁྲིམས་	ཚུལ་ཁྲིམས་	NOUN
འཆལ་བ་	འཆལ་བ་	VERB
མཐོལ་	མཐོལ་	NO_POS
ལོ་	གོ་	PART
བཤགས་	བཤགས་	NO_POS
། །		PUNCT
བྱང་སྡོམ་	བྱང་སྡོམ་	OTHER
ཞུ་	ཞུ་	VERB
ན་	ནས་	PART
སྤང་བྱ་	སྤང་བྱ་	NOUN
ནི་	ནི་	NO_POS
།		PUNCT
ཉམས་པ་	ཉམས་པ་	VERB
འི་	གི་	PART
རྒྱུ་ནག་པོ་	རྒྱུ་ནག་པོ་	NO_POS
འི་	གི་	PART
ཆོ་	ཆོ་	NOUN
བཞི་	བཞི་	NUM
དང་	དང་	NO_POS
།		PUNCT
ཉམས་པ་	ཉམས་པ་	VERB
དངོ་	དངོ་	NOUN
རྩ་བ་	རྩ་བ་	NOUN
འི་	གི་	PART
ལྟུང་བ་	ལྟུང་བ་	VERB
ནི་	ནི་	NO_POS
།		PUNCT
གཙོ་	གཙོ་	NOUN
ཆེ་	ཆེ་	VERB
ར་	ལ་	PART
བྱང་སེམས་	བྱང་སེམས་	NOUN
ཐོབ་ཐང་	ཐོབ་ཐང་	OTHER
ཅན་	ཅན་	PART
ལྟ་བུ་	ལྟ་བུ་	NOUN
རྒྱལ་པོ་	རྒྱལ་པོ་	NOUN
ལ་	ལ་	PART
འབྱུང་	འབྱུང་	VERB
ཉེ་བ་	ཉེ་བ་	VERB
ལྔ་	ལྔ་	NUM
རྒྱལ་པོ་	རྒྱལ་པོ་	NOUN
དེ་	དེ་	DET
འི་	གི་	PART
བཀའ་	བཀའ་	NOUN
མངག་	མངག་	NO_POS
སྐུ་ཚབ་	སྐུ་ཚབ་	OTHER
སོགས་	སོགས་	DET
ཀྱི་	གི་	PART
རིགས་	རིགས་	NOUN
ལྟ་བུ་	ལྟ་བུ་	NOUN
།		PUNCT
བློན་པོ་	བློན་པོ་	NOUN
ལ་	ལ་	PART
འབྱུང་	འབྱུང་	VERB
ཉེ་བ་	ཉེ་བ་	VERB
ལྔ་	ལྔ་	NUM
།		PUNCT
གཙོ་	གཙོ་	NOUN
ཆེ་	ཆེ་	VERB
ར་	ལ་	PART
བྱང་སེམས་	བྱང་སེམས་	NOUN
ཀྱི་	གི་	PART
རིགས་	རིགས་	NOUN
སྐྱེ་བོ་	སྐྱེ་བོ་	NOUN
ཕལ་པ་	ཕལ་པ་	NOUN
ལ་	ལ་	PART
འབྱུང་	འབྱུང་	VERB
ཉེ་བ་	ཉེ་བ་	VERB
བརྒྱད་	བརྒྱད་	NUM
བཅའ་	བཅའ་	VERB
སྡོམ་པ་	སྡོམ་པ་	NOUN
ས་	གིས་	PART
རྩ་ལྟུང་	རྩ་ལྟུང་	OTHER
བཅོ་བརྒྱད་པོ་	བཅོ་བརྒྱད་པོ་	NO_POS
གང་རུང་	གང་རུང་	NOUN
བྱུང་	བྱུང་	VERB
ན་	ལ་	PART
བྱང་སེམས་	བྱང་སེམས་	NOUN
ཀྱི་	གི་	PART
ཕམ་པ་	ཕམ་པ་	VERB
ཡིན་པ་	ཡིན་པ་	AUX
ས་	གིས་	PART
སྲུང་	སྲུང་	VERB
དགོས་	དགོས་	VERB
སོ་	གོ་	PART
། །		PUNCT
དེ་ལས་	དེ་ལས་	NO_POS
ནག་པོ་	ནག་པོ་	ADJ
འི་	གི་	PART
ཆོ་	ཆོ་	NOUN
བཞི་	བཞི་	NUM
ནི་	ནི་	NO_POS
།		PUNCT
བླ་མ་	བླ་མ་	NOUN
བསླུ་	བསླུ་	NO_POS
ཞིང་	ཅིང་	PART
ཆོ་	ཆོ་	NOUN
ལ་	ལ་	PART
འགྱོད་	འགྱོད་	NO_POS
ཐབས་	ཐབས་	NOUN
བྱེད་	བྱེད་	VERB
། །		PUNCT
མཆོག་	མཆོག་	ADJ
ལ་	ལ་	PART
སྐུར་འདེབས་	སྐུར་འདེབས་	NO_POS
དམན་	དམན་	VERB
ལ་	ལ་	PART
གཡོ་སྒྱུ་	གཡོ་སྒྱུ་	NOUN
སྤང་	སྤང་	VERB
། །		PUNCT
ཞེས་་	ཞེས་པ་	PART
དི་		NON_WORD
བཞི་	བཞི་	NUM
སྤང་	སྤང་	VERB
།		PUNCT
བྱང་སེམས་	བྱང་སེམས་	NOUN
རྩ་ལྟུང་	རྩ་ལྟུང་	OTHER
བཅོ་བརྒྱད་	བཅོ་བརྒྱད་	NO_POS
ལ་	ལ་	ADP
ས་	གིས་	PART
།		PUNCT
རྒྱལ་པོ་	རྒྱལ་པོ་	NOUN
ལ་	ལ་	PART
འབྱུང་	འབྱུང་	VERB
ཉེ་བ་	ཉེ་བ་	VERB
ལྔ་	ལྔ་	NUM
ནི་	ནི་	NO_POS
།		PUNCT
དཀོན་མཆོག་	དཀོན་མཆོག་	NOUN
དཀོར་		NON_WORD
འཕྲོག་	འཕྲོག་	VERB
དམ་པ་	དམ་པ་	VERB
འི་	གི་	PART
ཆོ་	ཆོ་	NOUN
སྤང་	སྤང་	VERB
གཉིས་	གཉིས་	NUM
། །		PUNCT
བཙུན་པ་	བཙུན་པ་	NOUN
སྐྱ་	སྐྱ་	VERB
ས་	ས་	ADP
ར་	ལ་	PART
འབེབས་	འབེབས་	VERB
དང་	དང་	NO_POS
ཆད་པ་	ཆད་པ་	VERB
གཅོད་	གཅོད་	NO_POS
། །		PUNCT
མཚམས་མེད་	མཚམས་མེད་	NOUN
ལྔ་	ལྔ་	NUM
བྱེད་ལོག་	བྱེད་ལོག་	NO_POS
ལྟ་	ལྟ་	NOUN
རྒྱུ་འབྲས་	རྒྱུ་འབྲས་	NOUN
བསོད་	བསོད་	NO_POS
། །		PUNCT
གང་རུང་	གང་རུང་	NOUN
རྒྱལ་པོ་	རྒྱལ་པོ་	NOUN
ལ་ཉེ་	ལ་ཉེ་	NO_POS
འི་	གི་	PART
རྩ་ལྟུང་	རྩ་ལྟུང་	OTHER
ཡིན་	ཡིན་	NO_POS
། །		PUNCT
ལྟུང་བ་	ལྟུང་བ་	VERB
སྔ་མ་	སྔ་མ་	ADJ
བཞི་པོ་	བཞི་པོ་	NUM
གཞིར་བཞག་	གཞིར་བཞག་	OTHER
སྟེང་	སྟེང་	NOUN
ལོག་ལྟ་	ལོག་ལྟ་	NOUN
འི་	གི་	PART
ཚབ་	ཚབ་	NOUN
ཏུ་	ལ་	PART
དམག་	དམག་	NOUN
གིས་	གིས་	PART
ཡུལ་	ཡུལ་	NOUN
འཇོམས་པ་	འཇོམས་པ་	VERB
ས་	གིས་	PART
།		PUNCT
བློན་པོ་	བློན་པོ་	NOUN
ལ་ཉེ་	ལ་ཉེ་	NO_POS
འི་	གི་	PART
ལྟུང་བ་	ལྟུང་བ་	VERB
རྣམ་པ་	རྣམ་པ་	NOUN
ལྔ་	ལྔ་	NUM
། །		PUNCT
བློ་སྦྱོང་	བློ་སྦྱོང་	OTHER
མ་	མ་	PART
བྱས་པ་	བྱས་པ་	VERB
ལ་སྟོང་	ལ་སྟོང་	NO_POS
ཉིད་	ཉིད་	DET
སྟོན་	སྟོན་	VERB
། །		PUNCT
ཐེག་པ་	ཐེག་པ་	NOUN
ཆེན་པོ་	ཆེན་པོ་	ADJ
འི་	གི་	PART
ཆོ་	ཆོ་	NOUN
ལ་བ་	ལ་བ་	NOUN
ར་	ལ་	PART
དུ་	ལ་	PART
གཅོད་	གཅོད་	NO_POS
། །		PUNCT
སོ་ཐར་	སོ་ཐར་	OTHER
སྤངས་	སྤངས་	VERB
ན་	ནས་	PART
ཐེག་པ་	ཐེག་པ་	NOUN
ཆེ་	ཆེ་	VERB
ལ་	ལ་	PART
སྦྱོར་	སྦྱོར་	VERB
། །		PUNCT
ཐེག་དམན་	ཐེག་དམན་	NOUN
ཆོ་	ཆོ་	NOUN
སྤང་	སྤང་	VERB
གཞན་	གཞན་	DET
ལ་	ལ་	PART
སྤོང་	སྤོང་	VERB
འཇུག་	འཇུག་	VERB
དང་	དང་	NO_POS
། །		PUNCT
རྙེད་བཀུར་	རྙེད་བཀུར་	NO_POS
ཐོབ་	ཐོབ་	VERB
ཕྱི་	ཕྱི་	OTHER
གཞན་	གཞན་	DET
ལ་	ལ་	PART
སྨོད་པ་	སྨོད་པ་	VERB
དང་	དང་	NO_POS
། །		PUNCT
མ་	མ་	PART
རྟོགས་	རྟོགས་	VERB
སྟོང་ཉིད་	སྟོང་ཉིད་	NOUN
རྟོགས་	རྟོགས་	VERB
ཞེ་	ཅེས་	PART
རྫུན་པ་	རྫུན་པ་	NO_POS
དང་	དང་	NO_POS
། །		PUNCT
མི་	མི་	PART
འོ་	འོ་	VERB
དཀོན་མཆོག་	དཀོན་མཆོག་	NOUN
དཀོར་		NON_WORD
རྫ་	རྫ་	NOUN
སྦྱིན་ལེན་	སྦྱིན་ལེན་	NO_POS
བྱེད་	བྱེད་	VERB
། །		PUNCT
ཞི་གནས་	ཞི་གནས་	NOUN
འདོ་	འདོ་	VERB
ཞིང་	ཅིང་	PART
སྒོམ་པ་	སྒོམ་པ་	VERB
འི་	གི་	PART
ལོངས་སྤྱོད་	ལོངས་སྤྱོད་	NOUN
རྣམས་	རྣམས་	DET
། །		PUNCT
མ་མོ་	མ་མོ་	NOUN
ས་	གིས་	PART
བཞིན་	བཞིན་	NOUN
དུ་	ལ་	PART
ཁ་ཏོན་པ་	ཁ་ཏོན་པ་	NOUN
ལ་	ལ་	PART
སྦྱིན་	སྦྱིན་	VERB
། །		PUNCT
གཙོ་བོ་	གཙོ་བོ་	ADJ
ཕལ་པ་	ཕལ་པ་	NOUN
ལ་ཉེ་	ལ་ཉེ་	NO_POS
འི་	གི་	PART
ལྟུང་བ་	ལྟུང་བ་	VERB
བརྒྱད་	བརྒྱད་	NUM
། །		PUNCT
སྡོམ་པ་	སྡོམ་པ་	NOUN
ས་	གིས་	PART
རྩ་བ་	རྩ་བ་	NOUN
འི་	གི་	PART
ལྟུང་བ་	ལྟུང་བ་	VERB
བཅོ་བརྒྱད་	བཅོ་བརྒྱད་	NO_POS
ཡིན་	ཡིན་	NO_POS
། །		PUNCT
གང་རུང་	གང་རུང་	NOUN
ཉམས་	ཉམས་	NOUN
ན་	ལ་	PART
མནར་མེད་	མནར་མེད་	NO_POS
གནས་	གནས་	NOUN
སུ་	ལ་	PART
ལྷུང་	ལྷུང་	VERB
། །		PUNCT
བྱང་ཆུབ་	བྱང་ཆུབ་	NOUN
སེམས་དཔའ་	སེམས་དཔའ་	NOUN
ནམ་མཁའ་	ནམ་མཁའ་	NOUN
སྙིང་པོ་	སྙིང་པོ་	NOUN
འི་	གི་	PART
མདུན་	མདུན་	NOUN
། །		PUNCT
ལྟུང་བ་	ལྟུང་བ་	VERB
བཤགས་པ་	བཤགས་པ་	VERB
ས་	གིས་	PART
ཡང་ཡང་	ཡང་ཡང་	NO_POS
བཤགས་	བཤགས་	NO_POS
ཤིང་	ཅིང་	PART
སྡོམ་	སྡོམ་	NOUN
། །		PUNCT
མདོར་ན་	མདོར་ན་	NO_POS
དགྲ་	དགྲ་	NOUN
ལྟ་བུ་	ལྟ་བུ་	NOUN
ལ་	ལ་	PART
ཕན་	ཕན་	NOUN
ཐོགས་པ་	ཐོགས་པ་	VERB
འི་	གི་	PART
དུས་	དུས་	NOUN
ཤིག་	ཅིག་	PART
བྱུང་	བྱུང་	VERB
ཡང་	ཀྱང་	PART
མི་	མི་	PART
བཏང་	བཏང་	VERB
སྙམ་	སྙམ་	VERB
ན་	ལ་	PART
།		PUNCT
བྱང་སེམས་	བྱང་སེམས་	NOUN
བསླབ་པ་	བསླབ་པ་	VERB
ཉམས་པ་	ཉམས་པ་	VERB
ཡིན་པ་	ཡིན་པ་	AUX
ས་	གིས་	PART
དེ་	སྟེ་	PART
མཐོལ་	མཐོལ་	NO_POS
ལོ་	གོ་	PART
བཤགས་	བཤགས་	NO_POS
སོ་	གོ་	PART
། །		PUNCT
སྔགས་སྡོམ་	སྔགས་སྡོམ་	NO_POS
གྱི་	གི་	PART
བཤགས་པ་	བཤགས་པ་	VERB
ནི་	ནི་	NO_POS
སྔགས་སྡོམ་	སྔགས་སྡོམ་	NO_POS
འདི་	འདི་	DET
ཁྲོམ་	ཁྲོམ་	NOUN
ཉོ་བ་	ཉོ་བ་	VERB
ལ་	ལ་	PART
བཤད་	བཤད་	VERB
མི་	མི་	PART
ཉན་	ཉན་	VERB
འཆད་	འཆད་	VERB
མཁན་	མཁན་	PROPN
རང་རང་	རང་རང་	NO_POS
གི་	གི་	PART
ཐུགས་	ཐུགས་	NOUN
ལ་	ལ་	PART
བཞག་	བཞག་	VERB
རྒྱུ་	རྒྱུ་	NOUN
ཡིན་	ཡིན་	NO_POS
ཏེ་	སྟེ་	PART
དེ་	དེ་	DET
འང་	ཀྱང་	PART
།		PUNCT
བླ་མ་	བླ་མ་	NOUN
སྨོད་	སྨོད་	NO_POS
དང་	དང་	NO_POS
བཀའ་	བཀའ་	NOUN
འདའ་	འདའ་	VERB
མཆེད་	མཆེད་	NOUN
ལ་	ལ་	PART
ཁྲོ་	ཁྲོ་	VERB
། །		PUNCT
བྱམས་	བྱམས་	VERB
དང་	དང་	NO_POS
བྱང་ཆུབ་	བྱང་ཆུབ་	NOUN
སེམས་	སེམས་	NOUN
བཏང་	བཏང་	VERB
གྲུབ་མཐའ་	གྲུབ་མཐའ་	NOUN
སྤོང་	སྤོང་	VERB
། །		PUNCT
གསང་བ་	གསང་བ་	VERB
སྒྲོག་	སྒྲོག་	VERB
དང་	དང་	NO_POS
ཕུང་པོ་	ཕུང་པོ་	NOUN
ལྔ་	ལྔ་	NUM
ལ་	ལ་	PART
བརྙས་	བརྙས་	NO_POS
། །		PUNCT
དག་པ་	དག་པ་	VERB
འི་	གི་	PART
ཆོ་	ཆོ་	NOUN
ལ་	ལ་	PART
སོམ་ཉི་	སོམ་ཉི་	NOUN
གདུག་	གདུག་	NO_POS
ལ་	ལ་	PART
བྱམས་	བྱམས་	VERB
། །		PUNCT
བྲལ་	བྲལ་	VERB
ལ་	ལ་	PART
རྟོག་	རྟོག་	VERB
བརྟགས་	བརྟགས་	VERB
དད་	དད་	VERB
ལྡན་	ལྡན་	VERB
སུན་	སུན་	NO_POS
འབྱིན་པ་	འབྱིན་པ་	VERB
། །		PUNCT
དམ་ཚིག་	དམ་ཚིག་	NOUN
རྒྱུད་	རྒྱུད་	NOUN
བཞིན་	བཞིན་	NOUN
མི་	མི་	PART
བསྟེན་	བསྟེན་	VERB
བུད་མེད་	བུད་མེད་	NOUN
སྨོད་	སྨོད་	NO_POS
། །		PUNCT
སྲུང་	སྲུང་	VERB
ན་	ལ་	PART
དངོས་གྲུབ་	དངོས་གྲུབ་	NOUN
ཀུན་	ཀུན་	DET
གྱི་	གི་	PART
རྩ་བ་	རྩ་བ་	NOUN
ཡིན་	ཡིན་	NO_POS
། །		PUNCT
ཉམས་	ཉམས་	NOUN
ན་	ལ་	PART
ཉེས་ལྟུང་	ཉེས་ལྟུང་	NOUN
ཀུན་	ཀུན་	DET
གྱི་	གི་	PART
རྩ་བ་	རྩ་བ་	NOUN
ཡིན་	ཡིན་	NO_POS
། །		PUNCT
བསྡོམས་	བསྡོམས་	NO_POS
ན་	ལ་	PART
དམ་ཚིག་	དམ་ཚིག་	NOUN
ཀུན་	ཀུན་	DET
གྱི་	གི་	PART
རྩ་བ་	རྩ་བ་	NOUN
ཡིན་	ཡིན་	NO_POS
། །		PUNCT
དེ་ཕྱིར་	དེ་ཕྱིར་	NO_POS
སྔགས་	སྔགས་	NOUN
ཀྱི་	གི་	PART
རྩ་ལྟུང་	རྩ་ལྟུང་	OTHER
བཅུ་བཞི་	བཅུ་བཞི་	NO_POS
ཡིན་	ཡིན་	NO_POS
། །		PUNCT
སྦོམ་པོ་	སྦོམ་པོ་	ADJ
བརྒྱད་	བརྒྱད་	NUM
ནི་	ནི་	NO_POS
མ་	མ་	PART
སྨིན་	སྨིན་	VERB
རིག་མ་	རིག་མ་	NOUN
བསྟེན་	བསྟེན་	VERB
། །		PUNCT
ཚོགས་འཁོར་	ཚོགས་འཁོར་	NOUN
དུས་	དུས་	NOUN
རྩོད་	རྩོད་	VERB
མཚན་	མཚན་	NOUN
ངན་	ངན་	VERB
བདུད་རྩི་	བདུད་རྩི་	NOUN
ལེན་	ལེན་	VERB
། །		PUNCT
སྣོད་	སྣོད་	NOUN
དང་	དང་	NO_POS
ལྡན་	ལྡན་	VERB
ལ་	ལ་	PART
གསང་སྔགས་	གསང་སྔགས་	NOUN
མི་	མི་	PART
སྟོན་པ་	སྟོན་པ་	NOUN
། །		PUNCT
དད་	དད་	VERB
དང་	དང་	NO_POS
ལྡན་	ལྡན་	VERB
ལ་	ལ་	PART
དམ་ཆོས་	དམ་ཆོས་	NOUN
མི་	མི་	PART
སྟོན་པ་	སྟོན་པ་	NOUN
། །		PUNCT
རང་དོན་	རང་དོན་	NOUN
ཉན་ཐོས་	ཉན་ཐོས་	NOUN
ནང་	ནང་	NOUN
དུ་ཞག་	དུ་ཞག་	NO_POS
བདུན་	བདུན་	NUM
བསྡད་	བསྡད་	NO_POS
། །		PUNCT
རྣལ་འབྱོར་	རྣལ་འབྱོར་	NOUN
ཡེ་ཤེས་	ཡེ་ཤེས་	NOUN
མི་	མི་	PART
ལྡན་	ལྡན་	VERB
སྔགས་པ་	སྔགས་པ་	NOUN
ར་	ལ་	PART
རློམས་	རློམས་	NO_POS
། །		PUNCT
སྣོད་	སྣོད་	NOUN
མིན་	མིན་	AUX
ཆོ་	ཆོ་	NOUN
བཤད་	བཤད་	VERB
སྔགས་	སྔགས་	NOUN
ཀྱི་	གི་	PART
སྦོམ་པོ་	སྦོམ་པོ་	ADJ
ཡིན་	ཡིན་	NO_POS
། །		PUNCT
དེ་	དེ་	DET
འི་	གི་	PART
ཕྱི་	ཕྱི་	OTHER
ན་	ལ་	PART
སྔགས་	སྔགས་	NOUN
ཀྱི་	གི་	PART
རྩ་ལྟུང་	རྩ་ལྟུང་	OTHER
བཅུ་བཞི་	བཅུ་བཞི་	NO_POS
དང་	དང་	NO_POS
ཡན་ལག་	ཡན་ལག་	NOUN
སྦོམ་པོ་	སྦོམ་པོ་	ADJ
བརྒྱད་	བརྒྱད་	NUM
། །		PUNCT
གསང་སྔགས་	གསང་སྔགས་	NOUN
དམ་ཚིག་	དམ་ཚིག་	NOUN
ཉམས་པ་	ཉམས་པ་	VERB
མཐོལ་	མཐོལ་	NO_POS
ལོ་	གོ་	PART
བཤགས་	བཤགས་	NO_POS
། །		PUNCT
སྡོམ་པ་	སྡོམ་པ་	NOUN
མ་	མ་	PART
ཞུ་	ཞུ་	VERB
མི་དགེ་	མི་དགེ་	NOUN
འི་	གི་	PART
ལ་	ལ་	ADP
ས་	གིས་	PART
བྱས་པ་	བྱས་པ་	VERB
འདོད་ཆགས་	འདོད་ཆགས་	NOUN
ཀྱི་	གི་	PART
། །		PUNCT
མི་	མི་	PART
ཚངས་སྤྱོད་	ཚངས་སྤྱོད་	NO_POS
དང་	དང་	NO_POS
ཆང་	ཆང་	NOUN
འཐུང་	འཐུང་	NO_POS
ལ་སོགས་པ་	ལ་སོགས་པ་	NO_POS
། །		PUNCT
རང་བཞིན་	རང་བཞིན་	NOUN
ཁ་ན་མ་ཐོ་	ཁ་ན་མ་ཐོ་	NO_POS
འི་	གི་	PART
སྡིག་པ་	སྡིག་པ་	VERB
སྟེ་	སྟེ་	PART
། །		PUNCT
སྡིག་པ་	སྡིག་པ་	VERB
སྡིག་	སྡིག་	NOUN
ཏུ་	ལ་	PART
མ་	མ་	PART
ཤེ་	ཤེ་	VERB
མཐོལ་	མཐོལ་	NO_POS
ལོ་	གོ་	PART
བཤགས་	བཤགས་	NO_POS
། །		PUNCT
དགེ་བསྙེན་	དགེ་བསྙེན་	NOUN
གྱི་	གི་	PART
སྐྱབས་	སྐྱབས་	NOUN
སྡོམ་	སྡོམ་	NOUN
དབང་	དབང་	NOUN
སྐུ་	སྐུ་	NOUN
ལ་སོགས་	ལ་སོགས་	NO_POS
ཐོབ་	ཐོབ་	VERB
ན་	ལ་	PART
ཡང་	ཀྱང་	PART
། །		PUNCT
དེ་	སྟེ་	PART
ཡི་	གི་	PART
སྡོམ་པ་	སྡོམ་པ་	NOUN
དམ་ཚིག་	དམ་ཚིག་	NOUN
སྲུང་མ་	སྲུང་མ་	NOUN
ཤེ་	ཤེ་	VERB
། །		PUNCT
བཅས་པ་	བཅས་པ་	VERB
འི་	གི་	PART
ལྟུང་བ་	ལྟུང་བ་	VERB
ཕོག་པ་	ཕོག་པ་	VERB
མཐོལ་	མཐོལ་	NO_POS
ལོ་	གོ་	PART
བཤགས་	བཤགས་	NO_POS
། །		PUNCT
འགྱོད་པ་	འགྱོད་པ་	VERB
མེད་	མེད་	VERB
ན་	ལ་	PART
བཤགས་པ་	བཤགས་པ་	VERB
ས་	གིས་	PART
མི་	མི་	PART
འདག་པ་	འདག་པ་	VERB
ས་	གིས་	PART
། །		PUNCT
སྔ་	སྔ་	NOUN
བྱ་	བྱ་	VERB
སྡིག་པ་	སྡིག་པ་	VERB
ཁོང་	ཁོང་	PRON
དུ་	ལ་	PART
དུག་	དུག་	NOUN
སོང་	སོང་	VERB
ལྟ་	ལྟ་	OTHER
། །		PUNCT
ངོ་ཚ་	ངོ་ཚ་	NOUN
འཇིགས་སྐྲག་	འཇིགས་སྐྲག་	NOUN
འགྱོད་པ་	འགྱོད་པ་	VERB
ཆེན་པོ་	ཆེན་པོ་	ADJ
བཤགས་	བཤགས་	NO_POS
། །		PUNCT
ཞེ་	ཅེས་	PART
སྔ་	སྔ་	NOUN
བྱས་པ་	བྱས་པ་	VERB
སུན་	སུན་	NO_POS
འབྱིན་	འབྱིན་	VERB
གྱི་	གི་	PART
སྟོབས་	སྟོབས་	NOUN
དང་	དང་	NO_POS
།		PUNCT
ཕྱིན་ཆད་	ཕྱིན་ཆད་	ADV
སྡོམ་སེམས་	སྡོམ་སེམས་	NO_POS
མེད་	མེད་	VERB
ན་	ལ་	PART
མི་	མི་	PART
འདག་པ་	འདག་པ་	VERB
ས་	གིས་	PART
། །		PUNCT
ཕྱིན་ཆད་	ཕྱིན་ཆད་	ADV
སྲོག་	སྲོག་	NOUN
ལ་	ལ་	PART
བབ་	བབ་	VERB
ཀྱང་	ཀྱང་	PART
མི་དགེ་	མི་དགེ་	NOUN
འི་	གི་	PART
ལ་	ལ་	ADP
ས་	གིས་	PART
། །		PUNCT
ད་	ད་	ADV
ན་	ནས་	PART
མི་	མི་	PART
བགྱིད་	བགྱིད་	NO_POS
སེམས་	སེམས་	NOUN
ལ་	ལ་	PART
དམ་བཅའ་	དམ་བཅའ་	NOUN
བཟུང་	བཟུང་	NO_POS
ཞེ་	ཅེས་	PART
ཕྱིན་ཆད་	ཕྱིན་ཆད་	ADV
སྡོམ་སེམས་	སྡོམ་སེམས་	NO_POS
སོར་ཆུད་	སོར་ཆུད་	NO_POS
ཀྱི་	གི་	PART
སྟོབས་	སྟོབས་	NOUN
ཏེ་	སྟེ་	PART
བཤགས་པ་	བཤགས་པ་	VERB
དངོ་	དངོ་	NOUN
ལ་	ལ་	PART
འདི་	འདི་	DET
གཉིས་	གཉིས་	NUM
གལ་ཆེ་	གལ་ཆེ་	OTHER
འོ་	གོ་	PART
། །		PUNCT
བདེ་གཤེགས་	བདེ་གཤེགས་	NOUN
འོད་	འོད་	NOUN
དཔག་མེད་པ་	དཔག་མེད་པ་	ADJ
སྲ་	སྲ་	NOUN
བཅའ་	བཅའ་	VERB
ཀྱིས་	གིས་	PART
། །		PUNCT
བདག་	བདག་	PRON
རྒྱུད་	རྒྱུད་	NOUN
ཡོངས་སུ་	ཡོངས་སུ་	NO_POS
དག་པ་	དག་པ་	VERB
ར་	ལ་	PART
བྱིན་	བྱིན་	VERB
གྱིས་	གིས་	PART
རློབས་	རློབས་	VERB
། །		PUNCT
དེ་	དེ་	DET
ས་	གིས་	PART
བཤགས་པ་	བཤགས་པ་	VERB
འི་	གི་	PART
ཡན་ལག་	ཡན་ལག་	NOUN
སོང་	སོང་	VERB
། ༈		PUNCT
བཞི་པ་	བཞི་པ་	ADJ
རྗེས་སུ་	རྗེས་སུ་	OTHER
ཡི་	གི་	PART
རང་	རང་	PRON
གི་	གི་	PART
ཡན་ལག་	ཡན་ལག་	NOUN
ནི་	ནི་	NO_POS
།		PUNCT
གཞན་	གཞན་	DET
གྱིས་	གིས་	PART
རྒྱལ་བ་	རྒྱལ་བ་	NOUN
བསྟན་པ་	བསྟན་པ་	VERB
ལ་	ལ་	PART
སྤེལ་བ་	སྤེལ་བ་	VERB
དང་	དང་	NO_POS
སྐུ་གསུང་ཐུགས་	སྐུ་གསུང་ཐུགས་	NOUN
རྟེན་	རྟེན་	NOUN
བཞེངས་པ་	བཞེངས་པ་	VERB
སོགས་	སོགས་	DET
དགེ་བ་	དགེ་བ་	VERB
བྱེད་པ་	བྱེད་པ་	VERB
ཐོས་པ་	ཐོས་པ་	VERB
འི་	གི་	PART
ཚེ་	ཚེ་	NOUN
། །		PUNCT
དེ་	སྟེ་	PART
ལ་	ལ་	PART
ཕྲག་དོག་	ཕྲག་དོག་	NOUN
མི་དགེ་	མི་དགེ་	NOUN
འི་	གི་	PART
སེམས་	སེམས་	NOUN
སྤངས་	སྤངས་	VERB
ན་	ནས་	PART
། །		PUNCT
སྙིང་	སྙིང་	NOUN
ན་	ནས་	PART
དགའ་བ་	དགའ་བ་	VERB
ས་	གིས་	PART
རྗེས་སུ་	རྗེས་སུ་	OTHER
ཡི་	གི་	PART
རངས་	རངས་	NO_POS
ན་	ལ་	PART
། །		PUNCT
དེ་	སྟེ་	PART
ཡི་	གི་	PART
བསོད་ནམས་	བསོད་ནམས་	NOUN
མཉམ་	མཉམ་	VERB
དུ་	ལ་	PART
རིམ་གྱིས་	རིམ་གྱིས་	NO_POS
ཐོབ་པ་	ཐོབ་པ་	VERB
ར་	ལ་	PART
གསུངས་	གསུངས་	VERB
ཏེ་	སྟེ་	PART
སྔོན་	སྔོན་	ADV
སངས་རྒྱས་	སངས་རྒྱས་	NOUN
འཁོར་བཅས་	འཁོར་བཅས་	ADJ
ལ་	ལ་	PART
རྒྱལ་པོ་	རྒྱལ་པོ་	NOUN
ཞིག་	ཅིག་	PART
གི་	གི་	PART
གུང་ཚིགས་	གུང་ཚིགས་	NO_POS
དྲང་	དྲང་	VERB
ན་	ནས་	PART
།		PUNCT
ད་ནི་	ད་ནི་	NO_POS
དེ་	དེ་	DET
འི་	གི་	PART
དགེ་རྩ་	དགེ་རྩ་	OTHER
བསྔོ་བ་	བསྔོ་བ་	VERB
མཛད་	མཛད་	VERB
རོགས་	རོགས་	OTHER
ཞུས་པ་	ཞུས་པ་	VERB
འི་	གི་	PART
ཚེ་	ཚེ་	NOUN
།		PUNCT
རྒྱལ་པོ་	རྒྱལ་པོ་	NOUN
ཆེ་	ཆེ་	VERB
ན་	ལ་	PART
ཁྱོད་	ཁྱོད་	PRON
དགེ་བ་	དགེ་བ་	VERB
འི་	གི་	PART
འདུན་པ་	འདུན་པ་	PROPN
ཆུང་བ་	ཆུང་བ་	VERB
ས་	གིས་	PART
།		PUNCT
དགེ་རྩ་	དགེ་རྩ་	OTHER
ནི་	ནི་	NO_POS
ཉེ་	ཉེ་	VERB
འདབ་	འདབ་	OTHER
ཀྱི་	གི་	PART
མ་རྒན་	མ་རྒན་	NOUN
འདི་	འདི་	DET
ས་	གིས་	PART
ཡི་	གི་	PART
རང་	རང་	PRON
བྱ་	བྱ་	VERB
ན་	ནས་	PART
ཐོབ་	ཐོབ་	VERB
སོང་	སོང་	VERB
གསུངས་པ་	གསུངས་པ་	VERB
ལྟ་བུ་	ལྟ་བུ་	NOUN
ཡིན་པ་	ཡིན་པ་	AUX
། །		PUNCT
དེ་ཕྱིར་	དེ་ཕྱིར་	NO_POS
འཕགས་པ་	འཕགས་པ་	VERB
རྣམས་	རྣམས་	DET
དང་	དང་	NO_POS
སོ་སྐྱེ་	སོ་སྐྱེ་	NOUN
ཡི་	གིས་	PART
། །		PUNCT
དགེ་བ་	དགེ་བ་	VERB
གང་	གང་	NO_POS
བསྒྲུབས་	བསྒྲུབས་	VERB
ཀུན་	ཀུན་	DET
ལ་	ལ་	PART
ཡི་	གི་	PART
རང་	རང་	PRON
ངོ་	གོ་	PART
། །		PUNCT
བླ་མེད་	བླ་མེད་	ADJ
བྱང་ཆུབ་	བྱང་ཆུབ་	NOUN
མཆོག་	མཆོག་	ADJ
ཏུ་	ལ་	PART
སེམས་བསྐྱེད་	སེམས་བསྐྱེད་	NOUN
ན་	ནས་	PART
། །		PUNCT
འགྲོ་དོན་	འགྲོ་དོན་	NOUN
རྒྱ་	རྒྱ་	NOUN
ཆེན་	ཆེན་	NO_POS
མཛད་	མཛད་	VERB
ལ་	ལ་	PART
ཡི་	གི་	PART
རང་	རང་	PRON
ངོ་	གོ་	PART
། །		PUNCT
མི་དགེ་	མི་དགེ་	NOUN
བཅུ་པོ་	བཅུ་པོ་	NUM
སྤངས་པ་	སྤངས་པ་	VERB
དགེ་བ་	དགེ་བ་	VERB
བཅུ་	བཅུ་	NUM
། །		PUNCT
ལ་	ལ་	ADP
ས་	གིས་	PART
ལུས་	ལུས་	NOUN
ཀྱི་	གི་	PART
དགེ་བ་	དགེ་བ་	VERB
གསུམ་	གསུམ་	NUM
ནི་	ནི་	NO_POS
།		PUNCT
གཞན་	གཞན་	DET
གྱི་	གི་	PART
སྲོག་སྐྱབས་	སྲོག་སྐྱབས་	NO_POS
སྦྱིན་པ་	སྦྱིན་པ་	VERB
གཏོང་བ་	གཏོང་བ་	VERB
དང་	དང་	NO_POS
། །		PUNCT
སྡོམ་པ་	སྡོམ་པ་	NOUN
སྲུང་	སྲུང་	VERB
ཞིང་	ཅིང་	PART
ངག་	ངག་	NOUN
གི་	གི་	PART
དགེ་བ་	དགེ་བ་	VERB
བཞི་	བཞི་	NUM
ནི་	ནི་	NO_POS
བདེན་པ་	བདེན་པ་	VERB
ར་	ལ་	PART
སྨྲ་བ་	སྨྲ་བ་	VERB
དང་	དང་	NO_POS
། །		PUNCT
འཁོན་པ་	འཁོན་པ་	VERB
སྡུམ་	སྡུམ་	NO_POS
དང་	དང་	NO_POS
ཞི་དུལ་	ཞི་དུལ་	ADJ
དྲང་པོ་	དྲང་པོ་	ADJ
ར་	ལ་	PART
སྨྲ་	སྨྲ་	VERB
། །		PUNCT
དོན་	དོན་	NOUN
དང་	དང་	NO_POS
ལྡན་པ་	ལྡན་པ་	VERB
འི་	གི་	PART
གཏམ་	གཏམ་	NOUN
བརྗོད་པ་	བརྗོད་པ་	VERB
དང་	དང་	NO_POS
ཡིད་	ཡིད་	NOUN
ཀྱི་	གི་	PART
དགེ་བ་	དགེ་བ་	VERB
གསུམ་	གསུམ་	NUM
ནི་	ནི་	NO_POS
འདོད་པ་	འདོད་པ་	VERB
ཆུང་བ་	ཆུང་བ་	VERB
དང་	དང་	NO_POS
། །		PUNCT
བྱམས་	བྱམས་	VERB
དང་	དང་	NO_POS
སྙིང་རྗེ་	སྙིང་རྗེ་	NOUN
སྒོམ་	སྒོམ་	VERB
ཞིང་ལས་	ཞིང་ལས་	OTHER
འབྲས་	འབྲས་	NOUN
ཁྱད་གསོད་	ཁྱད་གསོད་	NO_POS
ཀྱི་	གི་	PART
ལོག་ལྟ་	ལོག་ལྟ་	NOUN
སྤང་	སྤང་	VERB
སྟེ་	སྟེ་	PART
ཆོ་	ཆོ་	NOUN
ལ་	ལ་	PART
སྤྱོད་	སྤྱོད་	VERB
། །		PUNCT
དགེ་བ་	དགེ་བ་	VERB
དེ་	སྟེ་	PART
རྣམས་	རྣམས་	DET
ཀུན་	ཀུན་	DET
ལ་	ལ་	PART
ཡི་	གི་	PART
རང་	རང་	PRON
ངོ་	གོ་	PART
། ༈ །		PUNCT
ལྔ་པ་	ལྔ་པ་	NUM
ཆོས་འཁོར་	ཆོས་འཁོར་	NOUN
བསྐོར་བ་	བསྐོར་བ་	VERB
ར་	ལ་	PART
བསྐུལ་བ་	བསྐུལ་བ་	VERB
འི་	གི་	PART
ཡན་ལག་	ཡན་ལག་	NOUN
ནི་	ནི་	NO_POS
།		PUNCT
ཕྱོགས་	ཕྱོགས་	NOUN
བཅུ་	བཅུ་	NUM
འི་	གི་	PART
འཇིག་རྟེན་	འཇིག་རྟེན་	NOUN
རབ་འབྱམས་	རབ་འབྱམས་	ADJ
ཐམས་ཅད་	ཐམས་ཅད་	DET
ན་	ལ་	PART
། །		PUNCT
རྫོགས་	རྫོགས་	VERB
སངས་རྒྱས་	སངས་རྒྱས་	NOUN
ན་	ནས་	PART
རིང་པོ་	རིང་པོ་	ADJ
ར་	ལ་	PART
མ་	མ་	PART
ལོན་པ་	ལོན་པ་	VERB
ར་	ལ་	PART
། །		PUNCT
སངས་རྒྱས་	སངས་རྒྱས་	NOUN
དེ་དག་	དེ་དག་	OTHER
རྣམས་	རྣམས་	DET
ལ་	ལ་	PART
ཆོ་	ཆོ་	NOUN
ཀྱི་	གི་	PART
འཁོར་ལོ་	འཁོར་ལོ་	NOUN
ནི་	ནི་	NO_POS
། །		PUNCT
རྒྱ་	རྒྱ་	NOUN
ཆེན་	ཆེན་	NO_POS
མྱུར་	མྱུར་	VERB
དུ་	ལ་	PART
བསྐོར་བ་	བསྐོར་བ་	VERB
ར་	ལ་	PART
བདག་	བདག་	PRON
གིས་	གིས་	PART
བསྐུལ་	བསྐུལ་	VERB
ཏེ་	སྟེ་	PART
གསོལ་བ་	གསོལ་བ་	VERB
འདེབས་	འདེབས་	VERB
ན་	ལ་	PART
། །		PUNCT
མངོན་ཤེས་	མངོན་ཤེས་	NOUN
ཐུགས་	ཐུགས་	NOUN
ཀྱིས་	གིས་	PART
དེ་དོན་	དེ་དོན་	PRON
མཁྱེན་པ་	མཁྱེན་པ་	VERB
ར་	ལ་	PART
གསོལ་	གསོལ་	VERB
"།

༈ །"		PUNCT
དྲུག་པ་	དྲུག་པ་	NUM
སྐུ་	སྐུ་	NOUN
མྱ་ངན་	མྱ་ངན་	NOUN
ལས་མི་	ལས་མི་	NOUN
འདའ་བ་	འདའ་བ་	VERB
ར་	ལ་	PART
གསོལ་བ་	གསོལ་བ་	VERB
འདེབས་པ་	འདེབས་པ་	VERB
འི་	གི་	PART
ཡན་ལག་	ཡན་ལག་	NOUN
ནི་	ནི་	NO_POS
སངས་རྒྱས་	སངས་རྒྱས་	NOUN
བྱང་སེམས་	བྱང་སེམས་	NOUN
བསྟན་འཛིན་	བསྟན་འཛིན་	NOUN
དགེ་བ་	དགེ་བ་	VERB
འི་	གི་	PART
བཤེས་	བཤེས་	VERB
། །		PUNCT
མྱ་ངན་	མྱ་ངན་	NOUN
འདའ་བ་	འདའ་བ་	VERB
ར་	ལ་	PART
བཞེད་	བཞེད་	VERB
ཀུན་	ཀུན་	DET
དེ་དག་	དེ་དག་	OTHER
ལ་	ལ་	PART
། །		PUNCT
མྱ་ངན་	མྱ་ངན་	NOUN
མི་འདའ་	མི་འདའ་	NO_POS
བཞུགས་པ་	བཞུགས་པ་	VERB
ར་	ལ་	PART
གསོལ་བ་	གསོལ་བ་	VERB
འདེབས་	འདེབས་	VERB
། ༈ །		PUNCT
བདུན་པ་	བདུན་པ་	NUM
བསྔོ་བ་	བསྔོ་བ་	VERB
འི་	གི་	PART
ཡན་ལག་	ཡན་ལག་	NOUN
ནི་	ནི་	NO_POS
།		PUNCT
འདི་	འདི་	DET
ས་	གིས་	PART
མཚོན་	མཚོན་	NOUN
བདག་	བདག་	PRON
གི་	གི་	PART
དུས་གསུམ་	དུས་གསུམ་	OTHER
དགེ་བ་	དགེ་བ་	VERB
རྣམས་	རྣམས་	DET
། །		PUNCT
འགྲོ་བ་	འགྲོ་བ་	VERB
སེམས་ཅན་	སེམས་ཅན་	NOUN
ཀུན་	ཀུན་	DET
གྱི་	གི་	PART
དོན་	དོན་	NOUN
དུ་	ལ་	PART
བསྔོ་	བསྔོ་	VERB
། །		PUNCT
ཞེ་	ཅེས་	PART
དགེ་རྩ་	དགེ་རྩ་	OTHER
བསྔོས་པ་	བསྔོས་པ་	VERB
ས་	གིས་	PART
དགེ་བ་	དགེ་བ་	VERB
འབུམ་ཕྲག་	འབུམ་ཕྲག་	OTHER
མང་པོ་	མང་པོ་	ADJ
ར་	ལ་	PART
འགྱུར་	འགྱུར་	VERB
རོ་	རོ་	NOUN
། ༈ །		PUNCT
རྒྱུ་གསུམ་པ་	རྒྱུ་གསུམ་པ་	NO_POS
བྱང་ཆུབ་	བྱང་ཆུབ་	NOUN
མཆོག་	མཆོག་	ADJ
ཏུ་	ལ་	PART
སེམས་བསྐྱེད་པ་	སེམས་བསྐྱེད་པ་	NOUN
ནི་	ནི་	NO_POS
།		PUNCT
རང་གཞན་	རང་གཞན་	NOUN
འགྲོ་བ་	འགྲོ་བ་	VERB
སེམས་ཅན་	སེམས་ཅན་	NOUN
ཀུན་	ཀུན་	DET
ཀྱང་	ཀྱང་	PART
འཁོར་བ་	འཁོར་བ་	NOUN
ལ་	ལ་	ADP
ས་	གིས་	PART
ཐ་	ཐ་	VERB
ཏེ་	སྟེ་	PART
བླ་མེད་	བླ་མེད་	ADJ
བྱང་ཆུབ་	བྱང་ཆུབ་	NOUN
མྱུར་	མྱུར་	VERB
དུ་	ལ་	PART
ཐོབ་	ཐོབ་	VERB
ན་	ནས་	PART
། །		PUNCT
ཁམས་	ཁམས་	NOUN
གསུམ་	གསུམ་	NUM
འཁོར་བ་	འཁོར་བ་	NOUN
དོང་	དོང་	VERB
ན་	ནས་	PART
སྤྲུགས་	སྤྲུགས་	VERB
གྱུར་ཅིག་	གྱུར་ཅིག་	NO_POS
།		PUNCT
དེ་	སྟེ་	PART
ཡི་	གི་	PART
དགེ་བ་	དགེ་བ་	VERB
བདག་	བདག་	PRON
ལ་	ལ་	PART
མྱུར་	མྱུར་	VERB
སྨིན་	སྨིན་	VERB
ན་	ནས་	PART
། །		PUNCT
མེ་	མེ་	NOUN
ཆུ་	ཆུ་	NOUN
དུག་མཚོན་	དུག་མཚོན་	NO_POS
གནོད་སྦྱིན་	གནོད་སྦྱིན་	NOUN
གཅན་གཟན་	གཅན་གཟན་	NOUN
གྱིས་	གིས་	PART
གསོད་པ་	གསོད་པ་	VERB
སོགས་	སོགས་	DET
ཚེ་	ཚེ་	NOUN
འདི་	འདི་	DET
ར་	ལ་	PART
དུས་	དུས་	NOUN
མིན་	མིན་	AUX
འཆི་བ་	འཆི་བ་	VERB
བཅོ་བརྒྱད་	བཅོ་བརྒྱད་	NO_POS
ཞི་	ཞི་	VERB
། །		PUNCT
ནད་མེད་	ནད་མེད་	ADJ
ལང་ཚོ་	ལང་ཚོ་	OTHER
རྒྱས་པ་	རྒྱས་པ་	VERB
འི་	གི་	PART
ལུས་སྟོབས་	ལུས་སྟོབས་	NOUN
ལྡན་	ལྡན་	VERB
། །		PUNCT
ཆོ་	ཆོ་	NOUN
མཐུན་	མཐུན་	VERB
གྱི་	གི་	PART
དཔལ་འབྱོར་	དཔལ་འབྱོར་	OTHER
འཛད་	འཛད་	NO_POS
མེད་	མེད་	VERB
དབྱར་	དབྱར་	ADV
གྱི་	གི་	PART
གངྒཱ་	གངྒཱ་	PROPN
ལྟ་	ལྟ་	OTHER
། །		PUNCT
བདུད་	བདུད་	NOUN
དགྲ་	དགྲ་	NOUN
འི་	གི་	PART
འཚེ་བ་	འཚེ་བ་	VERB
མེད་	མེད་	VERB
ཅིང་	ཅིང་	PART
དམ་ཆོས་	དམ་ཆོས་	NOUN
སྤྱོད་	སྤྱོད་	VERB
། །		PUNCT
བསམ་པ་	བསམ་པ་	VERB
འི་	གི་	PART
དོན་	དོན་	NOUN
ཀུན་	ཀུན་	DET
ཆོས་ལྡན་	ཆོས་ལྡན་	PROPN
ཡིད་བཞིན་	ཡིད་བཞིན་	OTHER
འགྲུབ་	འགྲུབ་	VERB
། །		PUNCT
བསྟན་	བསྟན་	VERB
དང་	དང་	NO_POS
འགྲོ་	འགྲོ་	VERB
ལ་	ལ་	PART
ཕན་	ཕན་	NOUN
ཐོགས་	ཐོགས་	VERB
རྒྱ་	རྒྱ་	NOUN
ཆེན་	ཆེན་	NO_POS
འགྲུབ་	འགྲུབ་	VERB
། །		PUNCT
མི་ལུས་	མི་ལུས་	NOUN
དོན་	དོན་	NOUN
དང་	དང་	NO_POS
ལྡན་པ་	ལྡན་པ་	VERB
འགྲུབ་པ་	འགྲུབ་པ་	VERB
ར་	ལ་	PART
ཤོག་	ཤོག་	VERB
། །།		PUNCT
དེ་	སྟེ་	PART
རྒྱུ་གསུམ་པ་	རྒྱུ་གསུམ་པ་	NO_POS
སོང་	སོང་	VERB
། ༈		PUNCT
ད་ནི་	ད་ནི་	NO_POS
རྒྱུ་	རྒྱུ་	NOUN
བཞི་པ་	བཞི་པ་	ADJ
བདེ་བ་	བདེ་བ་	VERB
ཅན་	ཅན་	PART
དུ་	ལ་	PART
སྐྱེ་	སྐྱེ་	NOUN
ཕྱི་	ཕྱི་	OTHER
བསྔོ་བ་	བསྔོ་བ་	VERB
དང་	དང་	NO_POS
སྨོན་ལམ་	སྨོན་ལམ་	NOUN
འདེབས་པ་	འདེབས་པ་	VERB
ནི་	ནི་	NO_POS
།		PUNCT
བདག་	བདག་	PRON
དང་	དང་	NO_POS
བདག་	བདག་	PRON
ལ་	ལ་	PART
འབྲེལ་	འབྲེལ་	VERB
ཐོགས་	ཐོགས་	VERB
ཀུན་	ཀུན་	DET
། །		PUNCT
འདི་	འདི་	DET
ན་	ནས་	PART
ཚེ་	ཚེ་	NOUN
འཕོ་	འཕོ་	VERB
གྱུར་	གྱུར་	VERB
མ་	མ་	PART
ཐག་	ཐག་	VERB
།		PUNCT
སྤྲུལ་པ་	སྤྲུལ་པ་	VERB
འི་	གི་	PART
སངས་རྒྱས་	སངས་རྒྱས་	NOUN
འོད་	འོད་	NOUN
དཔག་མེད་	དཔག་མེད་	ADJ
། །		PUNCT
དགེ་སློང་	དགེ་སློང་	NOUN
དགེ་འདུན་	དགེ་འདུན་	NOUN
འཁོར་	འཁོར་	NOUN
གྱིས་	གིས་	PART
བསྐོར་	བསྐོར་	VERB
། །		PUNCT
ཏེ་	སྟེ་	PART
བར་དོ་	བར་དོ་	NOUN
འི་	གི་	PART
སྣང་བ་	སྣང་བ་	VERB
མེད་པ་	མེད་པ་	VERB
ར་	ལ་	PART
མདུན་	མདུན་	NOUN
དུ་	ལ་	PART
མངོན་སུམ་	མངོན་སུམ་	NOUN
འབྱོན་པ་	འབྱོན་པ་	VERB
ར་	ལ་	PART
ཤོག་	ཤོག་	VERB
།		PUNCT
དེ་	སྟེ་	PART
མཐོང་	མཐོང་	VERB
ཡིད་	ཡིད་	NOUN
དགའ་སྣང་བ་	དགའ་སྣང་བ་	NO_POS
སྐྱིད་	སྐྱིད་	NO_POS
། །		PUNCT
ཤི་བ་	ཤི་བ་	VERB
འི་	གི་	PART
སྡུག་བསྔལ་	སྡུག་བསྔལ་	NOUN
མེད་པ་	མེད་པ་	VERB
ར་	ལ་	PART
ཤོག་	ཤོག་	VERB
།		PUNCT
བྱང་ཆུབ་	བྱང་ཆུབ་	NOUN
སེམས་དཔའ་	སེམས་དཔའ་	NOUN
མཆེད་	མཆེད་	NOUN
བརྒྱད་	བརྒྱད་	NUM
ནི་	ནི་	NO_POS
། །		PUNCT
རྫུ་འཕྲུལ་	རྫུ་འཕྲུལ་	NOUN
སྟོབས་	སྟོབས་	NOUN
ཀྱིས་	གིས་	PART
རང་	རང་	PRON
འཆི་བ་	འཆི་བ་	VERB
འི་	གི་	PART
ཚེ་	ཚེ་	NOUN
མདུན་	མདུན་	NOUN
གྱི་	གི་	PART
ནམ་མཁ་	ནམ་མཁའ་	NOUN
ར་	ལ་	PART
བྱོན་	བྱོན་	VERB
། །		PUNCT
བདེ་བ་	བདེ་བ་	VERB
ཅན་	ཅན་	PART
དུ་	ལ་	PART
འགྲོ་བ་	འགྲོ་བ་	VERB
ཡི་	གི་	PART
། །		PUNCT
ལམ་	གམ་	PART
སྟོན་	སྟོན་	VERB
ལམ་སྣ་	ལམ་སྣ་	NOUN
འདྲེན་པ་	འདྲེན་པ་	VERB
ར་	ལ་	PART
ཤོག་	ཤོག་	VERB
།		PUNCT
དེ་དུས་	དེ་དུས་	PRON
ནོར་རྫས་	ནོར་རྫས་	NOUN
དང་	དང་	NO_POS
མཛའ་བཤེས་	མཛའ་བཤེས་	OTHER
ལ་	ལ་	PART
ཆགས་	ཆགས་	VERB
ན་	ལ་	PART
ཕྱི་	ཕྱི་	OTHER
ལྟུང་	ལྟུང་	VERB
ཡོང་བ་	ཡོང་བ་	VERB
ས་	གིས་	PART
ཆགས་	ཆགས་	VERB
མི་	མི་	PART
ཉན་པ་	ཉན་པ་	VERB
ནི་	ནི་	NO_POS
ངན་སོང་	ངན་སོང་	NOUN
སྡུག་བསྔལ་	སྡུག་བསྔལ་	NOUN
བཟོད་	བཟོད་	VERB
བླག་	བླག་	NO_POS
མེད་	མེད་	VERB
། །		PUNCT
ལྷ་	ལྷ་	NOUN
མི་	མི་	PART
འི་	གི་	PART
བདེ་སྐྱིད་	བདེ་སྐྱིད་	NOUN
མི་རྟག་	མི་རྟག་	OTHER
འགྱུར་	འགྱུར་	VERB
། །		PUNCT
དེ་	སྟེ་	PART
ལ་	ལ་	PART
སྐྲག་སེམས་	སྐྲག་སེམས་	NO_POS
སྐྱེ་བ་	སྐྱེ་བ་	VERB
ར་	ལ་	PART
ཤོག་	ཤོག་	VERB
།		PUNCT
ཐོག་མ་	ཐོག་མ་	NOUN
མེད་	མེད་	VERB
ན་	ནས་	PART
ད་ལྟ་	ད་ལྟ་	OTHER
འི་	གི་	PART
བ་	བ་	NOUN
། །		PUNCT
འཁོར་བ་	འཁོར་བ་	NOUN
འདི་	འདི་	DET
ན་	ལ་	PART
ཡུན་	ཡུན་	NOUN
རེ་	རེ་	DET
རིང་	རིང་	NOUN
། །		PUNCT
ད་ནི་	ད་ནི་	NO_POS
དེ་	སྟེ་	PART
ལ་	ལ་	PART
སྐྱོ་བ་	སྐྱོ་བ་	VERB
སྐྱེ་བ་	སྐྱེ་བ་	VERB
ར་	ལ་	PART
ཤོག་	ཤོག་	VERB
།		PUNCT
གལ་ཏེ་	གལ་ཏེ་	NO_POS
མི་	མི་	PART
ན་	ནས་	PART
མི་	མི་	PART
རུ་	ལ་	PART
སྐྱེ་བ་	སྐྱེ་བ་	VERB
ལེན་	ལེན་	VERB
ཆོག་	ཆོག་	VERB
མོད་	མོད་	VERB
ཀྱིས་	གིས་	PART
ཀྱང་	ཀྱང་	PART
། །		PUNCT
སྐྱེ་	སྐྱེ་	NOUN
རྒ་	རྒ་	NO_POS
ན་	ལ་	PART
འཆི་	འཆི་	VERB
གྲངས་མེད་	གྲངས་མེད་	NOUN
མྱོང་	མྱོང་	VERB
། །		PUNCT
དུས་	དུས་	NOUN
ངན་སྙིགས་	ངན་སྙིགས་	NO_POS
མ་	མ་	NOUN
བར་ཆད་	བར་ཆད་	NOUN
མང་	མང་	VERB
། །		PUNCT
མི་	མི་	PART
དང་	དང་	NO_POS
ལྷ་	ལྷ་	NOUN
ཡི་	གི་	PART
བདེ་སྐྱིད་	བདེ་སྐྱིད་	NOUN
འདི་	འདི་	DET
། །		PUNCT
དུག་	དུག་	NOUN
དང་	དང་	NO_POS
འདྲེས་པ་	འདྲེས་པ་	VERB
འི་	གི་	PART
ཟ་	ཟ་	NOUN
བཞིན་	བཞིན་	NOUN
དུ་	ལ་	PART
། །		PUNCT
འདོད་པ་	འདོད་པ་	VERB
སྤུ་ཙམ་	སྤུ་ཙམ་	NO_POS
མེད་པ་	མེད་པ་	VERB
ར་	ལ་	PART
ཤོག་	ཤོག་	VERB
།		PUNCT
ད་ལྟ་	ད་ལྟ་	OTHER
འི་	གི་	PART
ཉེ་དུ་	ཉེ་དུ་	NOUN
ཟས་ནོར་	ཟས་ནོར་	NOUN
མཐུན་གྲོགས་	མཐུན་གྲོགས་	OTHER
རྣམས་	རྣམས་	DET
། །		PUNCT
མི་རྟག་	མི་རྟག་	OTHER
སྒྱུ་མ་	སྒྱུ་མ་	NOUN
རྨི་ལམ་	རྨི་ལམ་	NOUN
བཞིན་	བཞིན་	NOUN
། །		PUNCT
ཆགས་ཞེན་	ཆགས་ཞེན་	NO_POS
སྤུ་ཙམ་	སྤུ་ཙམ་	NO_POS
མེད་པ་	མེད་པ་	VERB
ར་	ལ་	PART
ཤོག་	ཤོག་	VERB
།		PUNCT
ས་ཆ་	ས་ཆ་	NOUN
ཡུལ་	ཡུལ་	NOUN
རི་	རི་	NOUN
ཁང་ཁྱིམ་	ཁང་ཁྱིམ་	NOUN
རྣམས་	རྣམས་	DET
། །		PUNCT
རྨི་ལམ་	རྨི་ལམ་	NOUN
ཡུལ་	ཡུལ་	NOUN
གྱི་	གི་	PART
ཁང་ཁྱིམ་	ཁང་ཁྱིམ་	NOUN
ལྟ་	ལྟ་	OTHER
། །		PUNCT
བདེན་པ་	བདེན་པ་	VERB
ར་	ལ་	PART
མ་	མ་	PART
གྲུབ་	གྲུབ་	VERB
ཤེས་པ་	ཤེས་པ་	VERB
ར་	ལ་	PART
ཤོག་	ཤོག་	VERB
།		PUNCT
འཆི་བ་	འཆི་བ་	VERB
དེ་	དེ་	DET
འི་	གི་	PART
དུས་	དུས་	NOUN
སུ་	ལ་	PART
ཐ་	ཐ་	VERB
མེད་	མེད་	VERB
འཁོར་བ་	འཁོར་བ་	NOUN
འི་	གི་	PART
རྒྱ་མཚོ་	རྒྱ་མཚོ་	NOUN
ན་	ནས་	PART
། །		PUNCT
ཉེ་	ཉེ་	VERB
ས་	གིས་	PART
ཆེན་	ཆེན་	NO_POS
བཙོན་	བཙོན་	NOUN
ན་	ནས་	PART
ཐར་བ་	ཐར་བ་	VERB
བཞིན་	བཞིན་	NOUN
། །		PUNCT
བདེ་བ་	བདེ་བ་	VERB
ཅན་	ཅན་	PART
གྱི་	གི་	PART
ཞིང་ཁམས་	ཞིང་ཁམས་	NOUN
སུ་	ལ་	PART
། །		PUNCT
ཕྱི་	ཕྱི་	NOUN
ལྟ་	ལྟ་	NOUN
མེད་པ་	མེད་པ་	VERB
ར་	ལ་	PART
འབྲོས་པ་	འབྲོས་པ་	VERB
ར་	ལ་	PART
ཤོག་	ཤོག་	VERB
།		PUNCT
ཆགས་ཞེན་	ཆགས་ཞེན་	NO_POS
འཁྲི་བ་	འཁྲི་བ་	VERB
ཀུན་	ཀུན་	DET
བཅད་	བཅད་	VERB
ན་	ནས་	PART
། །		PUNCT
བྱ་རྒོད་	བྱ་རྒོད་	NOUN
རྙི་	རྙི་	NOUN
ན་	ནས་	PART
ཐར་བ་	ཐར་བ་	VERB
བཞིན་	བཞིན་	NOUN
། །		PUNCT
ནུབ་	ནུབ་	ADV
ཀྱི་	གི་	PART
ཕྱོགས་	ཕྱོགས་	NOUN
ཀྱི་	གི་	PART
ནམ་མཁའ་	ནམ་མཁའ་	NOUN
ལ་	ལ་	PART
། །		PUNCT
འཇིག་རྟེན་	འཇིག་རྟེན་	NOUN
ཁམས་	ཁམས་	NOUN
ནི་	ནི་	NO_POS
གྲངས་མེད་པ་	གྲངས་མེད་པ་	NOUN
། །		PUNCT
སྐད་ཅིག་	སྐད་ཅིག་	OTHER
ཡུད་	ཡུད་	NOUN
ལ་	ལ་	PART
བགྲོད་བྱ་	བགྲོད་བྱ་	NO_POS
ས་	གིས་	PART
ན་	ནས་	PART
། །		PUNCT
བདེ་བ་	བདེ་བ་	VERB
ཅན་	ཅན་	PART
དུ་	ལ་	PART
ཕྱིན་པ་	ཕྱིན་པ་	VERB
ར་	ལ་	PART
ཤོག་	ཤོག་	VERB
།		PUNCT
བདེ་བ་	བདེ་བ་	VERB
ཅན་	ཅན་	PART
དེ་	དེ་	DET
ར་	ལ་	PART
བར་ཆད་	བར་ཆད་	NOUN
མེད་པ་	མེད་པ་	VERB
ར་	ལ་	PART
ཕྱིན་	ཕྱིན་	VERB
ཐུབ་	ཐུབ་	VERB
ན་	ནས་	PART
དེ་	སྟེ་	PART
རུ་	ལ་	PART
སངས་རྒྱས་	སངས་རྒྱས་	NOUN
འོད་	འོད་	NOUN
དཔག་མེད་	དཔག་མེད་	ADJ
། །		PUNCT
མངོན་སུམ་	མངོན་སུམ་	NOUN
བཞུགས་པ་	བཞུགས་པ་	VERB
འི་	གི་	PART
ཞལ་	ཞལ་	NOUN
མཐོང་	མཐོང་	VERB
ན་	ནས་	PART
། །		PUNCT
སྒྲིབ་པ་	སྒྲིབ་པ་	VERB
ཐམས་ཅད་	ཐམས་ཅད་	DET
དག་པ་	དག་པ་	VERB
ར་	ལ་	PART
ཤོག་	ཤོག་	VERB
།		PUNCT
སྒོང་སྐྱེས་	སྒོང་སྐྱེས་	NO_POS
།		PUNCT
མངལ་སྐྱེས་	མངལ་སྐྱེས་	NOUN
།		PUNCT
དྲོད་གཤེར་	དྲོད་གཤེར་	NOUN
སྐྱེ་	སྐྱེ་	VERB
།		PUNCT
བརྫུས་	བརྫུས་	NO_POS
སྐྱེ་	སྐྱེ་	VERB
ཏེ་	སྟེ་	PART
སྐྱེ་	སྐྱེ་	VERB
ན་	ནས་	PART
བཞི་	བཞི་	NUM
ཡི་	གི་	PART
མཆོག་གྱུར་པ་	མཆོག་གྱུར་པ་	ADJ
། །		PUNCT
མེ་ཏོག་	མེ་ཏོག་	NOUN
པདྨོའི་		NON_WORD
སྙིང་པོ་	སྙིང་པོ་	NOUN
ལ་	ལ་	PART
། །		PUNCT
བརྫུས་	བརྫུས་	NO_POS
ཏེ་	སྟེ་	PART
སྐྱེ་བ་	སྐྱེ་བ་	VERB
ལེན་པ་	ལེན་པ་	VERB
ར་	ལ་	PART
ཤོག་	ཤོག་	VERB
།		PUNCT
སྐད་ཅིག་	སྐད་ཅིག་	OTHER
ཉིད་	ཉིད་	DET
ལ་	ལ་	PART
ལུས་རྫོགས་	ལུས་རྫོགས་	NO_POS
ན་	ནས་	PART
། །		PUNCT
མཚན་དཔེ་	མཚན་དཔེ་	NOUN
ལྡན་པ་	ལྡན་པ་	VERB
འི་	གི་	PART
ལུས་	ལུས་	NOUN
ཐོབ་	ཐོབ་	VERB
ཤོག་	ཤོག་	VERB
།		PUNCT
ད་ལྟ་	ད་ལྟ་	OTHER
བདེ་བ་	བདེ་བ་	VERB
ཅན་	ཅན་	PART
ན་	ལ་	PART
མི་	མི་	PART
སྐྱེ་	སྐྱེ་	NOUN
སྙམ་	སྙམ་	VERB
ན་	ནས་	PART
དོགས་པ་	དོགས་པ་	VERB
འི་	གི་	PART
ཐེ་ཚོམ་	ཐེ་ཚོམ་	NOUN
གྱིས་	གིས་	PART
། །		PUNCT
ལོ་	གོ་	PART
གྲངས་	གྲངས་	NOUN
ལྔ་	ལྔ་	NUM
བརྒྱ་	བརྒྱ་	NUM
འི་	གི་	PART
བ་	བ་	NOUN
དག་	དག་	DET
ཏུ་	ལ་	PART
། །		PUNCT
ནང་	ནང་	NOUN
དེ་	དེ་	DET
ར་	ལ་	PART
བདེ་སྐྱིད་	བདེ་སྐྱིད་	NOUN
ལོངས་སྤྱོད་	ལོངས་སྤྱོད་	NOUN
ལྡན་	ལྡན་	VERB
། །		PUNCT
སངས་རྒྱས་	སངས་རྒྱས་	NOUN
གསུང་	གསུང་	VERB
ནི་	ནི་	NO_POS
ཐོ་	ཐོ་	VERB
ན་	ལ་	PART
ཡང་	ཀྱང་	PART
། །		PUNCT
མེ་ཏོག་	མེ་ཏོག་	NOUN
ཁ་	ཁ་	PRON
ནི་	ནི་	NO_POS
མི་	མི་	PART
བྱེ་	བྱེ་	NOUN
བ་	བ་	ADP
། །		PUNCT
སངས་རྒྱས་	སངས་རྒྱས་	NOUN
ཞལ་མཇལ་	ཞལ་མཇལ་	NO_POS
ཕྱི་བ་	ཕྱི་བ་	OTHER
འི་	གི་	PART
སྐྱོན་	སྐྱོན་	NOUN
། །		PUNCT
དེ་	སྟེ་	PART
འདྲ་	འདྲ་	VERB
བདག་	བདག་	PRON
ལ་	ལ་	PART
མི་	མི་	PART
འབྱུང་	འབྱུང་	VERB
ཤོག་	ཤོག་	VERB
།		PUNCT
མེ་ཏོག་	མེ་ཏོག་	NOUN
ནང་	ནང་	NOUN
དུ་	ལ་	PART
སྐྱེས་མ་	སྐྱེས་མ་	ADJ
ཐག་	ཐག་	VERB
ཏུ་	ལ་	PART
འཕགས་པ་	འཕགས་པ་	VERB
མིན་	མིན་	AUX
ཀྱང་	ཀྱང་	PART
སངས་རྒྱས་	སངས་རྒྱས་	NOUN
ཀྱི་	གི་	PART
གསུང་	གསུང་	VERB
ལ་	ལ་	PART
བརྟེན་	བརྟེན་	VERB
ན་	ནས་	PART
དེ་ཉིད་	དེ་ཉིད་	NOUN
བུ་	བུ་	NOUN
འཕགས་པ་	འཕགས་པ་	VERB
འི་	གི་	PART
ཡེ་ཤེས་	ཡེ་ཤེས་	NOUN
ཐོབ་པ་	ཐོབ་པ་	VERB
འི་	གི་	PART
ཕྱི་	ཕྱི་	OTHER
།		PUNCT
སྐྱེས་མ་	སྐྱེས་མ་	ADJ
ཐག་	ཐག་	VERB
ཏུ་	ལ་	PART
མེ་ཏོག་	མེ་ཏོག་	NOUN
བྱེ་	བྱེ་	NOUN
། །		PUNCT
འོད་	འོད་	NOUN
དཔག་མེད་	དཔག་མེད་	ADJ
ཀྱི་	གི་	PART
ཞལ་	ཞལ་	NOUN
མཐོང་	མཐོང་	VERB
ཤོག་	ཤོག་	VERB
།		PUNCT
བསོད་ནམས་	བསོད་ནམས་	NOUN
སྟོབས་	སྟོབས་	NOUN
དང་	དང་	NO_POS
རྫུ་འཕྲུལ་	རྫུ་འཕྲུལ་	NOUN
གྱིས་	གིས་	PART
། །		PUNCT
རང་	རང་	PRON
གི་	གི་	PART
ལག་པ་	ལག་པ་	NOUN
འི་	གི་	PART
མཐིལ་	མཐིལ་	NOUN
ན་	ནས་	PART
མཆོད་པ་	མཆོད་པ་	VERB
འི་	གི་	PART
སྤྲིན་	སྤྲིན་	NOUN
། །		PUNCT
བསམ་	བསམ་	NOUN
མི་	མི་	PART
ཁྱབ་པ་	ཁྱབ་པ་	VERB
ར་	ལ་	PART
སྤྲོས་	སྤྲོས་	VERB
བྱ་	བྱ་	VERB
ན་	ནས་	PART
། །		PUNCT
སངས་རྒྱས་	སངས་རྒྱས་	NOUN
འཁོར་བཅས་	འཁོར་བཅས་	ADJ
མཆོད་པ་	མཆོད་པ་	VERB
ར་	ལ་	PART
ཤོག་	ཤོག་	VERB
།		PUNCT
དེ་	སྟེ་	PART
ཚེ་	ཚེ་	NOUN
དེ་བཞིན་	དེ་བཞིན་	OTHER
གཤེགས་པ་	གཤེགས་པ་	VERB
དེ་	དེ་	DET
ས་	གིས་	PART
། །		PUNCT
ཕྱག་	ཕྱག་	NOUN
གཡའ་	གཡའ་	NOUN
བརྐྱངས་	བརྐྱངས་	NO_POS
ན་	ནས་	PART
རང་	རང་	PRON
གི་	གི་	PART
མགོ་	མགོ་	NOUN
ལ་	ལ་	PART
བཞག་	བཞག་	VERB
།		PUNCT
ཏེ་	སྟེ་	PART
ཁྱོད་	ཁྱོད་	PRON
མ་འོངས་པ་	མ་འོངས་པ་	OTHER
ན་	ལ་	PART
རྫོགས་པ་	རྫོགས་པ་	VERB
འི་	གི་	PART
བྱང་ཆུབ་	བྱང་ཆུབ་	NOUN
ཐོབ་	ཐོབ་	VERB
ཅེས་	ཅེས་	PART
ལུང་བསྟན་	ལུང་བསྟན་	NOUN
ཐོབ་པ་	ཐོབ་པ་	VERB
ར་	ལ་	PART
ཤོག་	ཤོག་	VERB
།		PUNCT
ཟབ་པ་	ཟབ་པ་	VERB
ལྟ་བ་	ལྟ་བ་	VERB
དང་	དང་	NO_POS
རྒྱ་	རྒྱ་	NOUN
ཆེ་	ཆེ་	VERB
སྤྱོད་པ་	སྤྱོད་པ་	VERB
འི་	གི་	PART
ཆོ་	ཆོ་	NOUN
ཐོ་	ཐོ་	VERB
ན་	ནས་	PART
། །		PUNCT
རང་རྒྱུད་	རང་རྒྱུད་	NOUN
སྨིན་	སྨིན་	VERB
ཅིང་	ཅིང་	PART
གྲོལ་བ་	གྲོལ་བ་	VERB
ར་	ལ་	PART
ཤོག་	ཤོག་	VERB
།		PUNCT
སྤྱན་རས་	སྤྱན་རས་	NO_POS
གཟིགས་	གཟིགས་	VERB
དང་	དང་	NO_POS
མཐུ་ཆེན་	མཐུ་ཆེན་	PROPN
ཐོབ་	ཐོབ་	VERB
། །		PUNCT
རྒྱལ་སྲས་	རྒྱལ་སྲས་	NOUN
ཐུ་བོ་	ཐུ་བོ་	ADJ
སྤྱན་རས་	སྤྱན་རས་	NO_POS
གཟིགས་	གཟིགས་	VERB
དང་	དང་	NO_POS
མཐུ་ཆེན་	མཐུ་ཆེན་	PROPN
ཐོབ་	ཐོབ་	VERB
རྣམ་	རྣམ་	NOUN
གཉིས་	གཉིས་	NUM
ཀྱིས་	གིས་	PART
། །		PUNCT
བྱིན་	བྱིན་	VERB
གྱིས་	གིས་	PART
བརླབས་	བརླབས་	NO_POS
ཤིང་	ཅིང་	PART
རྗེས་བཟུང་	རྗེས་བཟུང་	NO_POS
ཤོག་	ཤོག་	VERB
།		PUNCT
ཉིན་	ཉིན་	NOUN
རེ་	རེ་	DET
བཞིན་	བཞིན་	NOUN
དུ་	ལ་	PART
ཕྱོགས་	ཕྱོགས་	NOUN
བཅུ་	བཅུ་	NUM
ཡི་	གི་	PART
ཞིང་	ཅིང་	PART
ན་	ནས་	PART
། །		PUNCT
སངས་རྒྱས་	སངས་རྒྱས་	NOUN
བྱང་སེམས་	བྱང་སེམས་	NOUN
དཔག་མེད་པ་	དཔག་མེད་པ་	ADJ
། །		PUNCT
འོད་	འོད་	NOUN
དཔག་མེད་པ་	དཔག་མེད་པ་	ADJ
མཆོད་པ་	མཆོད་པ་	VERB
དང་	དང་	NO_POS
། །		PUNCT
ཞིང་	ཅིང་	PART
དེ་	དེ་	DET
ར་	ལ་	PART
བལྟ་	བལྟ་	VERB
ཕྱི་	ཕྱི་	OTHER
འབྱོན་	འབྱོན་	NO_POS
ཡོད་པ་	ཡོད་པ་	VERB
འི་	གི་	PART
ཚེ་	ཚེ་	NOUN
། །		PUNCT
དེ་དག་	དེ་དག་	OTHER
ཀུན་	ཀུན་	DET
ལ་	ལ་	PART
རང་	རང་	PRON
གིས་	གིས་	PART
བསྙེན་བཀུར་	བསྙེན་བཀུར་	NOUN
ཞིང་	ཅིང་	PART
། །		PUNCT
ཆོ་	ཆོ་	NOUN
ཀྱི་	གི་	PART
བདུད་རྩི་	བདུད་རྩི་	NOUN
ཐོབ་པ་	ཐོབ་པ་	VERB
ར་	ལ་	PART
ཤོག་	ཤོག་	VERB
།		PUNCT
བདེ་བ་	བདེ་བ་	VERB
ཅན་	ཅན་	PART
ན་	ལ་	PART
སྐྱེ་	སྐྱེ་	NOUN
ཐུབ་	ཐུབ་	VERB
ན་	ལ་	PART
རང་	རང་	PRON
ཡང་	ཀྱང་	PART
རྫུ་འཕྲུལ་	རྫུ་འཕྲུལ་	NOUN
ཐོགས་པ་	ཐོགས་པ་	VERB
མེད་པ་	མེད་པ་	VERB
ཡི་	གིས་	PART
། །		PUNCT
ཤར་ཕྱོགས་	ཤར་ཕྱོགས་	NOUN
མངོན་དག་	མངོན་དགའ་	NO_POS
འི་	གི་	PART
ཞིང་	ཅིང་	PART
དང་	དང་	NO_POS
ལྷོ་ཕྱོགས་	ལྷོ་ཕྱོགས་	NOUN
དཔལ་ལྡན་	དཔལ་ལྡན་	ADJ
ཞིང་	ཅིང་	PART
། །		PUNCT
བྱང་ཕྱོགས་	བྱང་ཕྱོགས་	NOUN
ལ་	ལ་	ADP
ས་	གིས་	PART
རབ་	རབ་	ADV
རྫོགས་	རྫོགས་	VERB
དང་	དང་	NO_POS
དབུ་	དབུ་	NOUN
ཕྱོགས་	ཕྱོགས་	NOUN
སྟུག་པོ་	སྟུག་པོ་	ADJ
བཀོད་	བཀོད་	VERB
། །		PUNCT
སྔ་དྲོ་	སྔ་དྲོ་	ADV
སྦྱ་		NON_WORD
སྐད་	སྐད་	NOUN
འབྱིན་པ་	འབྱིན་པ་	VERB
དང་	དང་	NO_POS
མེ་ཏོག་	མེ་ཏོག་	NOUN
ཆ་	ཆ་	NOUN
ར་	ལ་	PART
ཆེན་	ཆེན་	NO_POS
རླུང་	རླུང་	NOUN
གིས་	གིས་	PART
འབེབས་པ་	འབེབས་པ་	VERB
འི་	གི་	PART
ཚེ་	ཚེ་	NOUN
དེ་དག་	དེ་དག་	OTHER
རྣམས་	རྣམས་	DET
སུ་	ལ་	PART
རང་ཉིད་	རང་ཉིད་	OTHER
འགྲོ་	འགྲོ་	VERB
སྟེ་	སྟེ་	PART
། །		PUNCT
མི་	མི་	PART
བསྐྱོད་	བསྐྱོད་	VERB
རིན་འབྱུང་	རིན་འབྱུང་	OTHER
དོན་ཡོད་	དོན་ཡོད་	ADJ
གྲུབ་	གྲུབ་	VERB
། །		PUNCT
རྣམ་སྣང་	རྣམ་སྣང་	PROPN
ལ་སོགས་	ལ་སོགས་	NO_POS
ཞིང་	ཅིང་	PART
དེ་དག་	དེ་དག་	OTHER
གི་	གི་	PART
སངས་རྒྱས་	སངས་རྒྱས་	NOUN
ལ་	ལ་	PART
། །		PUNCT
དབང་	དབང་	NOUN
དང་	དང་	NO_POS
བྱིན་རླབས་	བྱིན་རླབས་	NOUN
སྡོམ་པ་	སྡོམ་པ་	NOUN
ཞུ་	ཞུ་	VERB
། །		PUNCT
མཆོད་པ་	མཆོད་པ་	VERB
དུས་	དུས་	NOUN
མ་	མ་	OTHER
མཆོད་	མཆོད་	VERB
བྱ་	བྱ་	VERB
ན་	ནས་	PART
། །		PUNCT
དགོང་མོ་	དགོང་མོ་	NO_POS
བྱ་སྐད་	བྱ་སྐད་	NOUN
མི་	མི་	PART
འབྱིན་པ་	འབྱིན་པ་	VERB
དང་	དང་	NO_POS
མེ་ཏོག་	མེ་ཏོག་	NOUN
ཆར་པ་	ཆར་པ་	OTHER
སྙིང་པ་	སྙིང་པ་	NOUN
ར་	ལ་	PART
གྱུར་པ་	གྱུར་པ་	VERB
འི་	གི་	PART
ཚེ་	ཚེ་	NOUN
བདེ་བ་	བདེ་བ་	VERB
ཅན་	ཅན་	PART
ཉིད་	ཉིད་	DET
དུ་	ལ་	PART
། །		PUNCT
དཀའ་ཚེགས་	དཀའ་ཚེགས་	NOUN
མེད་པ་	མེད་པ་	VERB
ར་	ལ་	PART
སླེབ་པ་	སླེབ་པ་	VERB
ར་	ལ་	PART
ཤོག་	ཤོག་	VERB
།		PUNCT
ལྷོ་	ལྷོ་	NOUN
པོ་ཊ་ལ་	པོ་ཊ་ལ་	NO_POS
དང་	དང་	NO_POS
བྱང་	བྱང་	NOUN
ལྕང་ལོ་	ལྕང་ལོ་	NO_POS
ཅན་	ཅན་	PART
། །		PUNCT
ལྷོ་ནུབ་	ལྷོ་ནུབ་	NO_POS
རྔ་ཡབ་	རྔ་ཡབ་	NOUN
གླིང་	གླིང་	NOUN
དང་	དང་	NO_POS
ནུབ་ཕྱོགས་	ནུབ་ཕྱོགས་	NOUN
ཨུ་རྒྱན་	ཨུ་རྒྱན་	PROPN
ཡུལ་	ཡུལ་	NOUN
། །		PUNCT
སྤྲུལ་སྐུ་	སྤྲུལ་སྐུ་	NOUN
འི་	གི་	PART
ཞིང་ཁམས་	ཞིང་ཁམས་	NOUN
བྱེ་བ་	བྱེ་བ་	NOUN
བརྒྱ་	བརྒྱ་	NUM
ར་	ལ་	PART
། །		PUNCT
ཞིང་	ཅིང་	PART
དེ་དག་	དེ་དག་	OTHER
ཏུ་	ལ་	PART
བཞུགས་པ་	བཞུགས་པ་	VERB
འི་	གི་	PART
སྤྱན་རས་	སྤྱན་རས་	NO_POS
གཟིགས་	གཟིགས་	VERB
དང་	དང་	NO_POS
སྒྲོལ་མ་	སྒྲོལ་མ་	PROPN
དང་	དང་	NO_POS
། །		PUNCT
ཕྱག་རྡོར་	ཕྱག་རྡོར་	PROPN
པད་	པད་	NO_POS
འབྱུང་	འབྱུང་	VERB
བྱེ་བ་	བྱེ་བ་	NOUN
བརྒྱ་	བརྒྱ་	NUM
། །		PUNCT
མཇལ་	མཇལ་	NO_POS
ཞིང་	ཅིང་	PART
མཆོད་པ་	མཆོད་པ་	VERB
རྒྱ་མཚོ་	རྒྱ་མཚོ་	NOUN
ས་	གིས་	PART
མཆོད་	མཆོད་	VERB
། །		PUNCT
དབང་	དབང་	NOUN
དང་	དང་	NO_POS
གདམས་ངག་	གདམས་ངག་	NOUN
ཟབ་མོ་	ཟབ་མོ་	ADJ
ཞུ་	ཞུ་	VERB
། །		PUNCT
སྟེ་	སྟེ་	PART
སླར་ཡང་	སླར་ཡང་	OTHER
མྱུར་	མྱུར་	VERB
དུ་	ལ་	PART
རང་གནས་	རང་གནས་	NOUN
བདེ་ཆེན་	བདེ་ཆེན་	NOUN
ཞིང་	ཅིང་	PART
། །		PUNCT
ཐོགས་པ་	ཐོགས་པ་	VERB
མེད་པ་	མེད་པ་	VERB
ར་	ལ་	PART
ཕྱིན་པ་	ཕྱིན་པ་	VERB
ར་	ལ་	PART
ཤོག་	ཤོག་	VERB
།		PUNCT
རང་	རང་	PRON
བདེ་བ་	བདེ་བ་	VERB
ཅན་	ཅན་	PART
ན་	ལ་	PART
སྐྱེ་	སྐྱེ་	NOUN
ཐུབ་	ཐུབ་	VERB
དུས་	དུས་	NOUN
ནི་	ནི་	NO_POS
སྔོན་	སྔོན་	ADV
མི་	མི་	PART
འི་	གི་	PART
ཡུལ་	ཡུལ་	NOUN
དུ་	ལ་	PART
ལུས་	ལུས་	NOUN
འགྲོ་	འགྲོ་	VERB
རྒྱུ་	རྒྱུ་	NOUN
འི་	གི་	PART
ཤུལ་	ཤུལ་	NOUN
གྱི་	གི་	PART
ཉེ་དུ་	ཉེ་དུ་	NOUN
གྲྭ་	གྲྭ་	NOUN
སློབ་	སློབ་	VERB
སོགས་	སོགས་	DET
། །		PUNCT
རང་	རང་	PRON
གི་	གི་	PART
ལྷ་	ལྷ་	NOUN
ཡི་	གི་	PART
མིག་	མིག་	NOUN
གིས་	གིས་	PART
གསལ་བ་	གསལ་བ་	VERB
ར་	ལ་	PART
མཐོང་	མཐོང་	VERB
། །		PUNCT
སྟེ་	སྟེ་	PART
དེ་དག་	དེ་དག་	OTHER
ལ་	ལ་	PART
སྲུང་སྐྱོབ་	སྲུང་སྐྱོབ་	OTHER
བྱིན་	བྱིན་	VERB
གྱིས་	གིས་	PART
རློབ་	རློབ་	NO_POS
བྱེད་	བྱེད་	VERB
ཅིང་	ཅིང་	PART
། །		PUNCT
འཆི་དུས་	འཆི་དུས་	NO_POS
ཞིང་	ཅིང་	PART
དེ་	དེ་	DET
ར་	ལ་	PART
ཁྲིད་པ་	ཁྲིད་པ་	VERB
ར་	ལ་	PART
ཤོག་	ཤོག་	VERB
།		PUNCT
ད་ལྟ་	ད་ལྟ་	OTHER
བསྐལ་བཟང་	བསྐལ་བཟང་	NOUN
འདི་	འདི་	DET
ཡི་	གི་	PART
བསྐལ་པ་	བསྐལ་པ་	NOUN
ཆེན་པོ་	ཆེན་པོ་	ADJ
འི་	གི་	PART
ཡུན་	ཡུན་	NOUN
དེ་ཡང་	དེ་ཡང་	ADV
། །		PUNCT
བདེ་བ་	བདེ་བ་	VERB
ཅན་	ཅན་	PART
གྱི་	གི་	PART
ཞག་	ཞག་	NOUN
གཅིག་	གཅིག་	NUM
སྟེ་	སྟེ་	PART
། །		PUNCT
རང་	རང་	PRON
བསྐལ་པ་	བསྐལ་པ་	NOUN
གྲངས་མེད་པ་	གྲངས་མེད་པ་	NOUN
འཆི་བ་	འཆི་བ་	VERB
ནི་	ནི་	NO_POS
མེད་	མེད་	VERB
། །		PUNCT
པ་	པ་	OTHER
ར་	ལ་	PART
རྟག་	རྟག་	VERB
ཏུ་	ལ་	PART
ཞིང་	ཅིང་	PART
དེ་	སྟེ་	PART
འཛིན་པ་	འཛིན་པ་	VERB
ར་	ལ་	PART
ཤོག་	ཤོག་	VERB
།		PUNCT
ད་ལྟ་	ད་ལྟ་	OTHER
འཇིག་རྟེན་	འཇིག་རྟེན་	NOUN
འདི་	འདི་	DET
འི་	གི་	PART
བསྐལ་བཟང་	བསྐལ་བཟང་	NOUN
སངས་རྒྱས་	སངས་རྒྱས་	NOUN
རིམ་པ་	རིམ་པ་	NOUN
ར་	ལ་	PART
བྱོན་	བྱོན་	VERB
ཡོང་	ཡོང་	NO_POS
རྒྱུ་	རྒྱུ་	NOUN
ཡོད་པ་	ཡོད་པ་	VERB
འི་	གི་	PART
བྱམས་པ་	བྱམས་པ་	PROPN
ན་	ནས་	PART
བཟུང་	བཟུང་	NO_POS
མོས་པ་	མོས་པ་	VERB
འི་	གི་	PART
བ་	བ་	NOUN
། །		PUNCT
བསྐལ་བཟང་	བསྐལ་བཟང་	NOUN
འདི་	འདི་	DET
ཡི་	གི་	PART
སངས་རྒྱས་	སངས་རྒྱས་	NOUN
རྣམས་	རྣམས་	DET
། །		PUNCT
འཇིག་རྟེན་	འཇིག་རྟེན་	NOUN
འདི་	འདི་	DET
ན་	ལ་	PART
ནམ་	གམ་	PART
འབྱོན་	འབྱོན་	NO_POS
ཚེ་	ཚེ་	NOUN
། །		PUNCT
རང་	རང་	PRON
བདེ་བ་	བདེ་བ་	VERB
ཅན་	ཅན་	PART
ན་	ནས་	PART
རྫུ་འཕྲུལ་	རྫུ་འཕྲུལ་	NOUN
སྟོབས་	སྟོབས་	NOUN
ཀྱིས་	གིས་	PART
འདི་	འདི་	DET
ར་	ལ་	PART
འོངས་	འོངས་	VERB
ན་	ནས་	PART
། །		PUNCT
སངས་རྒྱས་	སངས་རྒྱས་	NOUN
མཆོད་	མཆོད་	VERB
ཅིང་	ཅིང་	PART
དམ་ཆོས་	དམ་ཆོས་	NOUN
ཉན་	ཉན་	VERB
། །		PUNCT
སླར་ཡང་	སླར་ཡང་	OTHER
བདེ་ཆེན་	བདེ་ཆེན་	NOUN
ཞིང་ཁམས་	ཞིང་ཁམས་	NOUN
སུ་	ལ་	PART
། །		PUNCT
ཐོགས་པ་	ཐོགས་པ་	VERB
མེད་པ་	མེད་པ་	VERB
ར་	ལ་	PART
འགྲོ་བ་	འགྲོ་བ་	VERB
ར་	ལ་	PART
ཤོག་	ཤོག་	VERB
། །།		PUNCT
བདེ་བ་	བདེ་བ་	VERB
ཅན་	ཅན་	PART
དུ་	ལ་	PART
སྐྱེ་	སྐྱེ་	NOUN
ཐུབ་	ཐུབ་	VERB
ན་	ལ་	PART
ཞིང་ཁམས་	ཞིང་ཁམས་	NOUN
ཐམས་ཅད་	ཐམས་ཅད་	DET
དུ་	ལ་	PART
སྐྱེ་	སྐྱེ་	NOUN
ཐུབ་པ་	ཐུབ་པ་	VERB
དང་	དང་	NO_POS
འདྲ་བ་	འདྲ་བ་	VERB
ས་	གིས་	PART
ན་	ལ་	PART
ཞིང་	ཅིང་	PART
གཞན་	གཞན་	DET
སངས་རྒྱས་	སངས་རྒྱས་	NOUN
བྱེ་བ་	བྱེ་བ་	NOUN
ཁྲག་ཁྲིག་	ཁྲག་ཁྲིག་	NUM
བརྒྱ་	བརྒྱ་	NUM
སྟོང་ཕྲག་	སྟོང་ཕྲག་	OTHER
།		PUNCT
བརྒྱད་ཅུ་	བརྒྱད་ཅུ་	NO_POS
རྩ་	རྩ་	NUM
གཅིག་	གཅིག་	NUM
སངས་རྒྱས་	སངས་རྒྱས་	NOUN
ཞིང་	ཅིང་	PART
ཀུན་	ཀུན་	DET
གྱི་	གི་	PART
། །		PUNCT
ཡོན་ཏན་	ཡོན་ཏན་	NOUN
བཀོད་པ་	བཀོད་པ་	VERB
ཐམས་ཅད་	ཐམས་ཅད་	DET
གཅིག་	གཅིག་	NUM
ཏུ་	ལ་	PART
བསྡོམས་པ་	བསྡོམས་པ་	VERB
ལྟ་བུ་	ལྟ་བུ་	NOUN
བདེ་བ་	བདེ་བ་	VERB
ཅན་	ཅན་	PART
ནི་	ནི་	NO_POS
། །		PUNCT
ཞིང་ཁམས་	ཞིང་ཁམས་	NOUN
ཀུན་	ཀུན་	DET
ལ་	ལ་	ADP
ས་	གིས་	PART
ཁྱད་འཕགས་	ཁྱད་འཕགས་	OTHER
བླ་	བླ་	NOUN
ན་	ལ་	PART
མེད་	མེད་	VERB
། །		PUNCT
བདེ་བ་	བདེ་བ་	VERB
ཅན་	ཅན་	PART
གྱི་	གི་	PART
ཞིང་	ཅིང་	PART
དེ་	དེ་	DET
ར་	ལ་	PART
སྐྱེ་བ་	སྐྱེ་བ་	VERB
ར་	ལ་	PART
ཤོག་	ཤོག་	VERB
།		PUNCT
ད་ཕན་	ད་ཕན་	NO_POS
ཆད་	ཆད་	VERB
ཞིང་	ཅིང་	PART
དེ་	དེ་	DET
ར་	ལ་	PART
སྐྱེ་	སྐྱེ་	NOUN
ཐུབ་	ཐུབ་	VERB
ན་	ལ་	PART
རང་	རང་	PRON
གིས་	གིས་	PART
ཡོན་ཏན་	ཡོན་ཏན་	NOUN
ཐོབ་	ཐོབ་	VERB
ཚུལ་	ཚུལ་	NOUN
སོང་	སོང་	VERB
།		PUNCT
ད་	ད་	ADV
ཞིང་	ཅིང་	PART
དེ་	དེ་	DET
འི་	གི་	PART
ཡོན་ཏན་	ཡོན་ཏན་	NOUN
བཀོད་པ་	བཀོད་པ་	VERB
བཤད་པ་	བཤད་པ་	VERB
ནི་	ནི་	NO_POS
།		PUNCT
རིན་ཆེན་	རིན་ཆེན་	OTHER
སྣ་ཚོགས་	སྣ་ཚོགས་	DET
ཀྱི་	གི་	PART
ས་གཞི་	ས་གཞི་	NOUN
ཁོད་	ཁོད་	NO_POS
སྙོམས་	སྙོམས་	VERB
ལག་མཐིལ་	ལག་མཐིལ་	NOUN
ལྟ་	ལྟ་	OTHER
། །		PUNCT
ཡངས་	ཡངས་	VERB
ཤིང་	ཅིང་	PART
རྒྱ་	རྒྱ་	NOUN
ཆེ་	ཆེ་	VERB
གསལ་	གསལ་	VERB
ཞིང་	ཅིང་	PART
འོད་ཟེར་	འོད་ཟེར་	NOUN
འབའ་	འབའ་	VERB
། །		PUNCT
མནན་	མནན་	VERB
ན་སོ་	ན་སོ་	NOUN
ར་	ལ་	PART
བཞི་	བཞི་	NUM
རེ་ཙམ་	རེ་ཙམ་	NO_POS
ནིང་		NON_WORD
ནེམ་	ནེམ་	NO_POS
ཞིང་	ཅིང་	PART
འགྱུར་	འགྱུར་	VERB
བཏེགས་		NON_WORD
ན་	ལ་	PART
འཕར་བ་	འཕར་བ་	VERB
ལྟ་	ལྟ་	OTHER
བྱེད་པ་	བྱེད་པ་	VERB
། །		PUNCT
བདེ་	བདེ་	VERB
འཇམ་	འཇམ་	VERB
ཡངས་པ་	ཡངས་པ་	ADJ
འི་	གི་	PART
ཞིང་	ཅིང་	PART
དེ་	དེ་	DET
ར་	ལ་	PART
སྐྱེ་བ་	སྐྱེ་བ་	VERB
ར་	ལ་	PART
ཤོག་	ཤོག་	VERB
།		PUNCT
རིན་ཆེན་	རིན་ཆེན་	OTHER
དུ་མ་	དུ་མ་	ADJ
ལ་	ལ་	ADP
ས་	གིས་	PART
གྲུབ་	གྲུབ་	VERB
དཔག་བསམ་	དཔག་བསམ་	OTHER
ཤིང་	ཅིང་	PART
། །		PUNCT
ལོ་མ་	ལོ་མ་	NOUN
ནི་	ནི་	NO_POS
དར་ཟབ་	དར་ཟབ་	NOUN
འབྲས་བུ་	འབྲས་བུ་	NOUN
ནི་	ནི་	NO_POS
རིན་ཆེན་	རིན་ཆེན་	OTHER
བརྒྱན་	བརྒྱན་	VERB
། །		PUNCT
དེ་	སྟེ་	PART
སྟེང་	སྟེང་	NOUN
སྤྲུལ་པ་	སྤྲུལ་པ་	VERB
འི་	གི་	PART
བྱ་ཚོགས་	བྱ་ཚོགས་	NO_POS
རིན་ཆེན་	རིན་ཆེན་	OTHER
སྣ་ཚོགས་	སྣ་ཚོགས་	DET
ཀྱི་	གི་	PART
མདོག་	མདོག་	NOUN
མཛེ་	མཛེ་	VERB
ཤིང་	ཅིང་	PART
ཡིད་འཕྲོག་པ་	ཡིད་འཕྲོག་པ་	ADJ
འི་	གི་	PART
སྐད་	སྐད་	NOUN
སྙན་	སྙན་	NOUN
སྒྲ་	སྒྲ་	NOUN
ས་	གིས་	PART
། །		PUNCT
ཟབ་	ཟབ་	VERB
དང་	དང་	NO_POS
རྒྱ་	རྒྱ་	NOUN
ཆེ་	ཆེ་	VERB
འི་	གི་	PART
ཆོ་	ཆོ་	NOUN
ཀྱི་	གི་	PART
སྒྲ་	སྒྲ་	NOUN
རྣམས་	རྣམས་	DET
སྒྲོག་	སྒྲོག་	VERB
།		PUNCT
ངོ་མཚར་	ངོ་མཚར་	ADJ
ཆེན་པོ་	ཆེན་པོ་	ADJ
འི་	གི་	PART
ཞིང་	ཅིང་	PART
དེ་	དེ་	DET
ར་	ལ་	PART
སྐྱེ་བ་	སྐྱེ་བ་	VERB
ར་	ལ་	PART
ཤོག་	ཤོག་	VERB
།		PUNCT
འབབ་ཆུ་	འབབ་ཆུ་	NOUN
ཐམས་ཅད་	ཐམས་ཅད་	DET
ནི་	ནི་	NO_POS
སྤོ་	སྤོ་	NOUN
ཆུ་	ཆུ་	NOUN
འི་	གི་	PART
ཆུ་	ཆུ་	NOUN
ཀླུང་	ཀླུང་	NOUN
ཡན་ལག་	ཡན་ལག་	NOUN
བརྒྱད་	བརྒྱད་	NUM
ལྡན་	ལྡན་	VERB
མང་	མང་	VERB
། །		PUNCT
དེ་བཞིན་	དེ་བཞིན་	OTHER
དུ་	ལ་	PART
འཁྱིལ་	འཁྱིལ་	NO_POS
ཆ་	ཆ་	NOUN
བདུད་རྩི་	བདུད་རྩི་	NOUN
འི་	གི་	PART
ཁྲུ་	ཁྲུ་	NOUN
ཀྱི་	གི་	PART
རྫིང་བུ་	རྫིང་བུ་	NOUN
རྣམས་	རྣམས་	DET
། །		PUNCT
རིན་ཆེན་	རིན་ཆེན་	OTHER
སྣ་	སྣ་	NOUN
བདུན་	བདུན་	NUM
ཐེམ་སྐས་	ཐེམ་སྐས་	NOUN
ཕ་གུ་	ཕ་གུ་	NOUN
ས་	གིས་	PART
བསྐོར་	བསྐོར་	VERB
། །		PUNCT
དེ་	དེ་	DET
འི་	གི་	PART
ནང་	ནང་	NOUN
དུ་	ལ་	PART
མེ་ཏོག་	མེ་ཏོག་	NOUN
པདྨ་	པདྨ་	NOUN
དྲི་ཞིམ་	དྲི་ཞིམ་	NOUN
འབྲས་བུ་	འབྲས་བུ་	NOUN
ར་	ལ་	PART
ལྡན་	ལྡན་	VERB
། །		PUNCT
པདྨ་	པདྨ་	NOUN
འི་	གི་	PART
འོད་ཟེར་	འོད་ཟེར་	NOUN
དཔག་	དཔག་	VERB
ཏུ་	ལ་	PART
མེད་པ་	མེད་པ་	VERB
འཕྲོ་	འཕྲོ་	NOUN
། །		PUNCT
འོད་ཟེར་	འོད་ཟེར་	NOUN
རྩེ་	རྩེ་	NOUN
ལ་	ལ་	PART
སྤྲུལ་པ་	སྤྲུལ་པ་	VERB
འི་	གི་	PART
སངས་རྒྱས་	སངས་རྒྱས་	NOUN
བརྒྱན་	བརྒྱན་	VERB
། །		PUNCT
ཡ་མཚན་	ཡ་མཚན་	ADJ
ཆེན་པོ་	ཆེན་པོ་	ADJ
འི་	གི་	PART
ཞིང་	ཅིང་	PART
དེ་	དེ་	DET
ར་	ལ་	PART
སྐྱེ་བ་	སྐྱེ་བ་	VERB
ར་	ལ་	PART
ཤོག་	ཤོག་	VERB
།		PUNCT
ཞིང་	ཅིང་	PART
དེ་	སྟེ་	PART
ན་	ལ་	PART
ཆོ་	ཆོ་	NOUN
སྒྲུབ་པ་	སྒྲུབ་པ་	VERB
ལ་	ལ་	PART
མི་ཁོམ་པ་	མི་ཁོམ་པ་	OTHER
འི་	གི་	PART
གནས་	གནས་	NOUN
དམྱལ་བ་	དམྱལ་བ་	NOUN
སོགས་	སོགས་	DET
བརྒྱད་	བརྒྱད་	NUM
དང་	དང་	NO_POS
ངན་སོང་	ངན་སོང་	NOUN
སྒྲ་	སྒྲ་	NOUN
ཡང་	ཀྱང་	PART
མི་	མི་	PART
གྲག་	གྲག་	VERB
བཙལ་	བཙལ་	NO_POS
ཀྱང་	ཀྱང་	PART
མི་	མི་	PART
རྙེད་	རྙེད་	VERB
དོ་	གོ་	PART
། །		PUNCT
འདོད་ཆགས་	འདོད་ཆགས་	NOUN
ཞེ་སྡང་	ཞེ་སྡང་	NOUN
གཏི་མུག་	གཏི་མུག་	NOUN
གསུམ་	གསུམ་	NUM
།		PUNCT
ང་རྒྱལ་	ང་རྒྱལ་	NOUN
ཕྲག་དོག་	ཕྲག་དོག་	NOUN
གཉིས་	གཉིས་	NUM
དང་	དང་	NO_POS
ཉོན་མོངས་	ཉོན་མོངས་	NOUN
དུག་	དུག་	NOUN
ལྔ་	ལྔ་	NUM
དུག་	དུག་	NOUN
གསུམ་	གསུམ་	NUM
ནད་	ནད་	NOUN
རིགས་བཞི་	རིགས་བཞི་	NO_POS
བརྒྱ་རྩ་	བརྒྱ་རྩ་	OTHER
བཞི་	བཞི་	NUM
དང་	དང་	NO_POS
གདོན་	གདོན་	NOUN
། །		PUNCT
དགྲ་	དགྲ་	NOUN
དང་	དང་	NO_POS
དབུལ་ཕོངས་	དབུལ་ཕོངས་	NOUN
འཐབ་རྩོད་	འཐབ་རྩོད་	NOUN
ལ་སོགས་པ་	ལ་སོགས་པ་	NO_POS
། །		PUNCT
སྡུག་བསྔལ་	སྡུག་བསྔལ་	NOUN
ཐམས་ཅད་	ཐམས་ཅད་	DET
ཞིང་	ཅིང་	PART
དེ་	དེ་	DET
ར་	ལ་	PART
ཐོ་	ཐོ་	VERB
མ་	མ་	PART
མྱོང་	མྱོང་	VERB
། །		PUNCT
བདེ་བ་	བདེ་བ་	VERB
ཆེན་པོ་	ཆེན་པོ་	ADJ
འི་	གི་	PART
ཞིང་	ཅིང་	PART
དེ་	དེ་	DET
ར་	ལ་	PART
སྐྱེ་བ་	སྐྱེ་བ་	VERB
ར་	ལ་	PART
ཤོག་	ཤོག་	VERB
།		PUNCT
ཐ་མལ་པ་	ཐ་མལ་པ་	ADJ
འི་	གི་	PART
བུད་མེད་	བུད་མེད་	NOUN
མེད་	མེད་	VERB
ཅིང་	ཅིང་	PART
མངལ་	མངལ་	NOUN
ན་	ནས་	PART
སྐྱེ་བ་	སྐྱེ་བ་	VERB
མེད་	མེད་	VERB
། །		PUNCT
ཀུན་	ཀུན་	DET
ཀྱང་	ཀྱང་	PART
མེ་ཏོག་	མེ་ཏོག་	NOUN
པདྨ་	པདྨ་	NOUN
འི་	གི་	PART
སྦུབས་	སྦུབས་	NOUN
ན་	ནས་	PART
འཁྲུངས་	འཁྲུངས་	NO_POS
། །		PUNCT
ཞིང་	ཅིང་	PART
དེ་	སྟེ་	PART
ན་	ལ་	PART
ཡོད་པ་	ཡོད་པ་	VERB
འི་	གི་	PART
རང་གཞན་	རང་གཞན་	NOUN
ཐམས་ཅད་	ཐམས་ཅད་	DET
སྐུ་ལུས་	སྐུ་ལུས་	NOUN
ཁྱད་མེད་	ཁྱད་མེད་	NO_POS
གསེར་	གསེར་	NOUN
གྱི་	གི་	PART
མདོག་	མདོག་	NOUN
།		PUNCT
དབུ་	དབུ་	NOUN
ལ་	ལ་	PART
གཙུག་ཏོར་	གཙུག་ཏོར་	PROPN
ལ་སོགས་	ལ་སོགས་	NO_POS
མཚན་དཔེ་	མཚན་དཔེ་	NOUN
ས་	གིས་	PART
བརྒྱན་	བརྒྱན་	VERB
། །		PUNCT
ལྷ་	ལྷ་	NOUN
འི་	གི་	PART
མིག་	མིག་	NOUN
གི་	གི་	PART
མངོན་ཤེས་	མངོན་ཤེས་	NOUN
།		PUNCT
རྣ་བ་	རྣ་བ་	NOUN
འི་	གི་	PART
མངོན་ཤེས་	མངོན་ཤེས་	NOUN
།		PUNCT
རྫུ་འཕྲུལ་	རྫུ་འཕྲུལ་	NOUN
གྱི་	གི་	PART
མངོན་ཤེས་	མངོན་ཤེས་	NOUN
།		PUNCT
སྔོན་	སྔོན་	ADV
གནས་	གནས་	NOUN
རྗེས་དྲན་	རྗེས་དྲན་	OTHER
གྱི་	གི་	PART
མངོན་ཤེས་	མངོན་ཤེས་	NOUN
།		PUNCT
གཞན་སེམས་	གཞན་སེམས་	OTHER
ཤེས་པ་	ཤེས་པ་	VERB
འི་	གི་	PART
མངོན་ཤེས་	མངོན་ཤེས་	NOUN
ཏེ་	སྟེ་	PART
།		PUNCT
མངོན་ཤེས་	མངོན་ཤེས་	NOUN
ལྔ་	ལྔ་	NUM
དང་	དང་	NO_POS
ཤ་	ཤ་	NOUN
འི་	གི་	PART
སྤྱན་	སྤྱན་	NOUN
།		PUNCT
ལྷ་	ལྷ་	NOUN
འི་	གི་	PART
སྤྱན་	སྤྱན་	NOUN
།		PUNCT
ཆོ་	ཆོ་	NOUN
ཀྱི་	གི་	PART
སྤྱན་	སྤྱན་	NOUN
།		PUNCT
ཤེས་རབ་	ཤེས་རབ་	NOUN
ཀྱི་	གི་	PART
སྤྱན་	སྤྱན་	NOUN
།		PUNCT
ཆོ་	ཆོ་	NOUN
ཀྱི་	གི་	PART
སྤྱན་	སྤྱན་	NOUN
གྱི་	གི་	PART
རིགས་	རིགས་	NOUN
ཏེ་	སྟེ་	PART
སྤྱན་	སྤྱན་	NOUN
ལྔ་	ལྔ་	NUM
ཀུན་	ཀུན་	DET
ལ་	ལ་	PART
མངའ་	མངའ་	VERB
། །		PUNCT
ཡོན་ཏན་	ཡོན་ཏན་	NOUN
དཔག་མེད་	དཔག་མེད་	ADJ
ཞིང་	ཅིང་	PART
དེ་	དེ་	DET
ར་	ལ་	PART
སྐྱེ་བ་	སྐྱེ་བ་	VERB
ར་	ལ་	PART
ཤོག་	ཤོག་	VERB
།		PUNCT
ཞིང་	ཅིང་	PART
དེ་	སྟེ་	PART
ན་	ལ་	PART
གནས་ཁང་	གནས་ཁང་	NOUN
ཐམས་ཅད་	ཐམས་ཅད་	DET
ནི་	ནི་	NO_POS
རང་བྱུང་	རང་བྱུང་	NOUN
རིན་ཆེན་	རིན་ཆེན་	OTHER
སྣ་ཚོགས་	སྣ་ཚོགས་	DET
གཞལ་ཡས་	གཞལ་ཡས་	ADJ
ཁང་	ཁང་	NOUN
། །		PUNCT
ཅི་	ཅི་	NO_POS
འདོད་	འདོད་	VERB
ལོངས་སྤྱོད་	ལོངས་སྤྱོད་	NOUN
ཡིད་	ཡིད་	NOUN
ལ་	ལ་	PART
དྲན་པ་	དྲན་པ་	VERB
ས་	གིས་	PART
འབྱུང་	འབྱུང་	VERB
། །		PUNCT
རྩོལ་སྒྲུབ་	རྩོལ་སྒྲུབ་	NO_POS
མི་	མི་	PART
དགོས་	དགོས་	VERB
དགོས་འདོད་	དགོས་འདོད་	NOUN
ལྷུན་	ལྷུན་	NOUN
གྱིས་	གིས་	PART
གྲུབ་	གྲུབ་	VERB
། །		PUNCT
ང་	ང་	PRON
ཁྱོད་	ཁྱོད་	PRON
མེད་	མེད་	VERB
ཅིང་	ཅིང་	PART
བདག་	བདག་	PRON
ཏུ་	ལ་	PART
འཛིན་པ་	འཛིན་པ་	VERB
མེད་	མེད་	VERB
། །		PUNCT
གང་	གང་	NO_POS
འདོད་	འདོད་	VERB
མཆོད་སྤྲིན་	མཆོད་སྤྲིན་	OTHER
ལག་པ་	ལག་པ་	NOUN
འི་	གི་	PART
མཐིལ་	མཐིལ་	NOUN
ན་	ནས་	PART
འབྱུང་	འབྱུང་	VERB
། །		PUNCT
ཐམས་ཅད་	ཐམས་ཅད་	DET
བླ་མེད་	བླ་མེད་	ADJ
ཐེག་ཆེན་	ཐེག་ཆེན་	NOUN
ཆོ་	ཆོ་	NOUN
ལ་	ལ་	PART
སྤྱོད་	སྤྱོད་	VERB
། །		PUNCT
བདེ་སྐྱིད་	བདེ་སྐྱིད་	NOUN
ཀུན་འབྱུང་	ཀུན་འབྱུང་	NOUN
ཞིང་	ཅིང་	PART
དེ་	དེ་	DET
ར་	ལ་	PART
སྐྱེ་བ་	སྐྱེ་བ་	VERB
ར་	ལ་	PART
ཤོག་	ཤོག་	VERB
།		PUNCT
ཡང་	ཀྱང་	PART
སྐབས་	སྐབས་	NOUN
སྐབས་	སྐབས་	NOUN
སུ་	ལ་	PART
དྲི་ཞིམ་	དྲི་ཞིམ་	NOUN
རླུང་	རླུང་	NOUN
གིས་	གིས་	PART
མེ་ཏོག་	མེ་ཏོག་	NOUN
ཆ་	ཆ་	NOUN
ར་	ལ་	PART
ཆེན་	ཆེན་	NO_POS
འབེབས་	འབེབས་	VERB
། །		PUNCT
ཤིང་	ཅིང་	PART
དང་	དང་	NO_POS
པདྨོ་		NON_WORD
ཆུ་	ཆུ་	NOUN
ཀླུང་	ཀླུང་	NOUN
ཐམས་ཅད་	ཐམས་ཅད་	DET
ལ་	ལ་	ADP
ས་	གིས་	PART
། །		PUNCT
དུས་	དུས་	NOUN
དུས་	དུས་	NOUN
སུ་	ལ་	PART
ཡིད་	ཡིད་	NOUN
དུ་	ལ་	PART
འོང་བ་	འོང་བ་	VERB
འི་	གི་	PART
གཟུགས་	གཟུགས་	NOUN
སྒྲ་	སྒྲ་	NOUN
དྲི་རོ་	དྲི་རོ་	NOUN
རེག་	རེག་	VERB
།		PUNCT
ལོངས་སྤྱོད་	ལོངས་སྤྱོད་	NOUN
མཆོད་པ་	མཆོད་པ་	VERB
འི་	གི་	PART
སྤྲིན་ཕུང་	སྤྲིན་ཕུང་	NOUN
རྟག་	རྟག་	VERB
ཏུ་	ལ་	PART
འབྱུང་	འབྱུང་	VERB
། །		PUNCT
བུད་མེད་	བུད་མེད་	NOUN
མེད་	མེད་	VERB
ཀྱང་	ཀྱང་	PART
སྤྲུལ་པ་	སྤྲུལ་པ་	VERB
འི་	གི་	PART
ལྷ་མོ་	ལྷ་མོ་	NOUN
འི་	གི་	PART
ཚོགས་	ཚོགས་	NOUN
། །		PUNCT
མཆོད་པ་	མཆོད་པ་	VERB
འི་	གི་	PART
ལྷ་མོ་	ལྷ་མོ་	NOUN
དུ་མ་	དུ་མ་	ADJ
ས་	གིས་	PART
རང་གཞན་	རང་གཞན་	NOUN
རྣམས་	རྣམས་	DET
ལ་	ལ་	PART
རྟག་	རྟག་	VERB
ཏུ་	ལ་	PART
མཆོད་	མཆོད་	VERB
། །		PUNCT
རང་ཉིད་	རང་ཉིད་	OTHER
འདུག་པ་	འདུག་པ་	VERB
ར་	ལ་	PART
འདོད་	འདོད་	VERB
ཚེ་	ཚེ་	NOUN
ནི་	ནི་	NO_POS
རིན་ཆེན་	རིན་ཆེན་	OTHER
གཞལ་ཡས་	གཞལ་ཡས་	ADJ
ཁང་	ཁང་	NOUN
། །		PUNCT
ཉལ་བ་	ཉལ་བ་	VERB
ར་	ལ་	PART
འདོད་	འདོད་	VERB
ཚེ་	ཚེ་	NOUN
ནི་	ནི་	NO_POS
རིན་ཆེན་	རིན་ཆེན་	OTHER
ཁྲི་	ཁྲི་	NUM
བཟང་	བཟང་	VERB
སྟེང་	སྟེང་	NOUN
། །		PUNCT
དར་ཟབ་	དར་ཟབ་	NOUN
དུ་མ་	དུ་མ་	ADJ
འི་	གི་	PART
མལ་སྟན་	མལ་སྟན་	NOUN
སྔས་མགོ་	སྔས་མགོ་	NOUN
དང་	དང་	NO_POS
བཅས་པ་	བཅས་པ་	VERB
། །		PUNCT
བྱ་	བྱ་	VERB
དང་	དང་	NO_POS
ལྗོན་ཤིང་	ལྗོན་ཤིང་	NOUN
ཆུ་	ཆུ་	NOUN
ཀླུང་	ཀླུང་	NOUN
རོལ་མོ་	རོལ་མོ་	NOUN
སོགས་	སོགས་	DET
། །		PUNCT
ཐོས་པ་	ཐོས་པ་	VERB
ར་	ལ་	PART
འདོད་	འདོད་	VERB
ཚེ་	ཚེ་	NOUN
ནི་	ནི་	NO_POS
སྙན་པ་	སྙན་པ་	VERB
འི་	གི་	PART
ཆོས་སྒྲ་	ཆོས་སྒྲ་	NO_POS
སྒྲོགས་	སྒྲོགས་	VERB
། །		PUNCT
ཉལ་བ་	ཉལ་བ་	VERB
དང་	དང་	NO_POS
ཏིང་ངེ་འཛིན་	ཏིང་ངེ་འཛིན་	NOUN
སྒོམ་པ་	སྒོམ་པ་	VERB
ལྟ་བུ་	ལྟ་བུ་	NOUN
ཐོས་པ་	ཐོས་པ་	VERB
ར་	ལ་	PART
མི་	མི་	PART
འདོད་	འདོད་	VERB
ཚེ་	ཚེ་	NOUN
ན་	ལ་	PART
ནི་	ནི་	NO_POS
རྣ་བ་	རྣ་བ་	NOUN
ར་	ལ་	PART
སྒྲ་	སྒྲ་	NOUN
ཙམ་	ཙམ་	DET
ཡང་	ཀྱང་	PART
མི་	མི་	PART
གྲག་	གྲག་	VERB
། །		PUNCT
བདུད་རྩི་	བདུད་རྩི་	NOUN
འི་	གི་	PART
རྫིང་བུ་	རྫིང་བུ་	NOUN
ཆུ་	ཆུ་	NOUN
ཀླུང་	ཀླུང་	NOUN
དེ་	སྟེ་	PART
རྣམས་	རྣམས་	DET
ཀྱང་	ཀྱང་	PART
། །		PUNCT
དྲོ་གྲང་	དྲོ་གྲང་	NO_POS
གང་	གང་	NO_POS
འདོད་	འདོད་	VERB
དེ་	སྟེ་	PART
ལ་	ལ་	PART
དེ་ལྟ་	དེ་ལྟ་	NO_POS
འབྱུང་	འབྱུང་	VERB
། །		PUNCT
ཡིད་བཞིན་	ཡིད་བཞིན་	OTHER
འགྲུབ་པ་	འགྲུབ་པ་	VERB
འི་	གི་	PART
ཞིང་	ཅིང་	PART
དེ་	དེ་	DET
ར་	ལ་	PART
སྐྱེ་བ་	སྐྱེ་བ་	VERB
ར་	ལ་	PART
ཤོག་	ཤོག་	VERB
།		PUNCT
འོ་ན་	འོ་ན་	NO_POS
འོད་	འོད་	NOUN
དཔག་མེད་	དཔག་མེད་	ADJ
ཇི་ཙམ་	ཇི་ཙམ་	PRON
བཞུགས་	བཞུགས་	VERB
སྙམ་	སྙམ་	VERB
ན་	ལ་	PART
ཞིང་	ཅིང་	PART
དེ་	དེ་	DET
ར་	ལ་	PART
རྫོགས་པ་	རྫོགས་པ་	VERB
འི་	གི་	PART
སངས་རྒྱས་	སངས་རྒྱས་	NOUN
འོད་	འོད་	NOUN
དཔག་མེད་	དཔག་མེད་	ADJ
། །		PUNCT
བསྐལ་པ་	བསྐལ་པ་	NOUN
གྲངས་མེད་	གྲངས་མེད་	NOUN
མྱ་ངན་	མྱ་ངན་	NOUN
མི་འདའ་	མི་འདའ་	NO_POS
བཞུགས་	བཞུགས་	VERB
། །		PUNCT
དེ་སྲིད་	དེ་སྲིད་	ADV
དེ་	སྟེ་	PART
ཡི་	གི་	PART
ཞབས་འབྲིང་	ཞབས་འབྲིང་	NOUN
བྲན་གཡོག་	བྲན་གཡོག་	OTHER
བྱེད་པ་	བྱེད་པ་	VERB
ར་	ལ་	PART
ཤོག་	ཤོག་	VERB
།		PUNCT
མཐ་	མཐའ་	NOUN
ར་	ལ་	PART
ནམ་ཞིག་	ནམ་ཞིག་	NO_POS
འོད་	འོད་	NOUN
དཔག་མེད་	དཔག་མེད་	ADJ
དེ་	སྟེ་	PART
སྐུ་	སྐུ་	NOUN
མྱ་ངན་	མྱ་ངན་	NOUN
ལ་	ལ་	ADP
ས་	གིས་	PART
འདའ་	འདའ་	VERB
ན་	ནས་	PART
ཞི་བ་	ཞི་བ་	VERB
ར་	ལ་	PART
གཤེགས་	གཤེགས་	VERB
ཏེ་	སྟེ་	PART
། །		PUNCT
བསྐལ་པ་	བསྐལ་པ་	NOUN
གངྒཱའི་		NON_WORD
ཀླུང་	ཀླུང་	NOUN
གི་	གི་	PART
བྱེ་མ་	བྱེ་མ་	NOUN
སྙེད་	སྙེད་	DET
། །		PUNCT
གཉིས་	གཉིས་	NUM
ཀྱི་	གི་	PART
བ་	བ་	NOUN
དུ་	ལ་	PART
བསྟན་པ་	བསྟན་པ་	VERB
མི་	མི་	PART
ནུབ་པ་	ནུབ་པ་	VERB
ར་	ལ་	PART
གནས་པ་	གནས་པ་	VERB
འི་	གི་	PART
ཚེ་	ཚེ་	NOUN
། །		PUNCT
འོད་	འོད་	NOUN
དཔག་མེད་	དཔག་མེད་	ADJ
དེ་	དེ་	DET
འི་	གི་	PART
རྒྱལ་ཚབ་	རྒྱལ་ཚབ་	NOUN
སྤྱན་རས་	སྤྱན་རས་	NO_POS
གཟིགས་	གཟིགས་	VERB
དང་	དང་	NO_POS
མི་	མི་	PART
འབྲལ་	འབྲལ་	NO_POS
ཞིང་	ཅིང་	PART
། །		PUNCT
དེ་	སྟེ་	PART
ཡི་	གི་	PART
ཡུན་	ཡུན་	NOUN
ལ་	ལ་	PART
རང་	རང་	PRON
གིས་	གིས་	PART
དམ་ཆོས་	དམ་ཆོས་	NOUN
འཛིན་པ་	འཛིན་པ་	VERB
ར་	ལ་	PART
ཤོག་	ཤོག་	VERB
།		PUNCT
དེ་ནས་	དེ་ནས་	NO_POS
འོད་	འོད་	NOUN
དཔག་མེད་	དཔག་མེད་	ADJ
ཀྱི་	གི་	PART
བསྟན་པ་	བསྟན་པ་	VERB
ཕ་		
ནུབ་	ནུབ་	ADV
འགྲོ་བ་	འགྲོ་བ་	VERB
འི་	གི་	PART
ནུབ་མོ་	ནུབ་མོ་	NOUN
ལྟ་བུ་	ལྟ་བུ་	NOUN
སྲོད་	སྲོད་	ADV
ལ་	ལ་	PART
དམ་ཆོས་	དམ་ཆོས་	NOUN
ནུབ་པ་	ནུབ་པ་	VERB
དང་	དང་	NO_POS
སྤྱན་རས་	སྤྱན་རས་	NO_POS
གཟིགས་	གཟིགས་	VERB
ཀྱི་	གི་	PART
བསྟན་པ་	བསྟན་པ་	VERB
ཚུ་		
དར་བ་	དར་བ་	VERB
འི་	གི་	PART
སྐྱ་རེངས་	སྐྱ་རེངས་	ADV
ཤར་བ་	ཤར་བ་	VERB
འི་	གི་	PART
ཐོ་རངས་	ཐོ་རངས་	ADV
ལྟ་བུ་	ལྟ་བུ་	NOUN
ལ་	ལ་	PART
། །		PUNCT
སྤྱན་རས་	སྤྱན་རས་	NO_POS
གཟིགས་	གཟིགས་	VERB
དེ་	སྟེ་	PART
མངོན་པ་	མངོན་པ་	OTHER
སངས་རྒྱས་པ་	སངས་རྒྱས་པ་	NOUN
འི་	གི་	PART
ཚུལ་	ཚུལ་	NOUN
མཛད་	མཛད་	VERB
ན་	ནས་	PART
། །		PUNCT
དེ་	དེ་	DET
འི་	གི་	PART
མཚན་	མཚན་	NOUN
ནི་	ནི་	NO_POS
སངས་རྒྱས་	སངས་རྒྱས་	NOUN
འོད་ཟེར་	འོད་ཟེར་	NOUN
ཀུན་	ཀུན་	DET
ན་	ནས་	PART
འཕགས་པ་	འཕགས་པ་	VERB
ཡི་	གི་	PART
། །		PUNCT
དཔལ་	དཔལ་	OTHER
བརྩེགས་	བརྩེགས་	NO_POS
རྒྱལ་པོ་	རྒྱལ་པོ་	NOUN
ཞེ་	ཅེས་	PART
བྱ་	བྱ་	VERB
ར་	ལ་	PART
སྤྱན་རས་	སྤྱན་རས་	NO_POS
གཟིགས་	གཟིགས་	VERB
དེ་	སྟེ་	PART
གྱུར་པ་	གྱུར་པ་	VERB
འི་	གི་	PART
ཚེ་	ཚེ་	NOUN
། །		PUNCT
དེ་	དེ་	DET
འི་	གི་	PART
ཞལ་	ཞལ་	NOUN
ལྟ་	ལྟ་	NOUN
སྟེའི་		NON_WORD
རིམ་གྲོ་	རིམ་གྲོ་	NOUN
བྱེད་པ་	བྱེད་པ་	VERB
ས་	གིས་	PART
མཆོད་	མཆོད་	VERB
ཅིང་	ཅིང་	PART
དམ་ཆོས་	དམ་ཆོས་	NOUN
ཉན་པ་	ཉན་པ་	VERB
ར་	ལ་	PART
ཤོག་	ཤོག་	VERB
།		PUNCT
སངས་རྒྱས་	སངས་རྒྱས་	NOUN
དཔལ་	དཔལ་	OTHER
བརྩེགས་	བརྩེགས་	NO_POS
རྒྱལ་པོ་	རྒྱལ་པོ་	NOUN
འི་	གི་	PART
སྐུ་ཚེ་	སྐུ་ཚེ་	NOUN
བསྐལ་པ་	བསྐལ་པ་	NOUN
བྱེ་བ་	བྱེ་བ་	NOUN
ཁྲག་ཁྲིག་	ཁྲག་ཁྲིག་	NUM
ནི་	ནི་	NO_POS
། །		PUNCT
འབུམ་ཕྲག་	འབུམ་ཕྲག་	OTHER
དགུ་	དགུ་	NUM
བཅུ་	བཅུ་	NUM
རྩ་	རྩ་	NUM
དྲུག་	དྲུག་	NUM
བཞུགས་པ་	བཞུགས་པ་	VERB
འི་	གི་	PART
ཚེ་	ཚེ་	NOUN
། །		PUNCT
རྟག་	རྟག་	VERB
ཏུ་	ལ་	PART
རང་	རང་	PRON
གིས་	གིས་	PART
དེ་	དེ་	DET
འི་	གི་	PART
མཆོད་པ་	མཆོད་པ་	VERB
འི་	གི་	PART
བྲན་གཡོག་	བྲན་གཡོག་	OTHER
ལྟ་བུ་	ལྟ་བུ་	NOUN
འི་	གི་	PART
ཞབས་འབྲིང་	ཞབས་འབྲིང་	NOUN
བསྙེན་བཀུར་	བསྙེན་བཀུར་	NOUN
བྱེད་པ་	བྱེད་པ་	VERB
དང་	དང་	NO_POS
། །		PUNCT
མི་	མི་	PART
བརྗེད་	བརྗེད་	VERB
གཟུངས་	གཟུངས་	NOUN
ཀྱིས་	གིས་	PART
དམ་ཆོས་	དམ་ཆོས་	NOUN
འཛིན་པ་	འཛིན་པ་	VERB
ར་	ལ་	PART
ཤོག་	ཤོག་	VERB
།		PUNCT
གང་	གང་	NO_POS
སངས་རྒྱས་	སངས་རྒྱས་	NOUN
དཔལ་	དཔལ་	OTHER
བརྩེགས་	བརྩེགས་	NO_POS
དེ་	སྟེ་	PART
སྐུ་	སྐུ་	NOUN
མྱ་ངན་	མྱ་ངན་	NOUN
འདའ་	འདའ་	VERB
ན་	ནས་	PART
དེ་	སྟེ་	PART
ཡི་	གི་	PART
བསྟན་པ་	བསྟན་པ་	VERB
ནི་	ནི་	NO_POS
། །		PUNCT
བསྐལ་པ་	བསྐལ་པ་	NOUN
དུང་ཕྱུར་	དུང་ཕྱུར་	NUM
དྲུག་	དྲུག་	NUM
དང་	དང་	NO_POS
བྱེ་བ་	བྱེ་བ་	NOUN
ཕྲག་	ཕྲག་	NUM
།		PUNCT
འབུམ་ཕྲག་	འབུམ་ཕྲག་	OTHER
གསུམ་	གསུམ་	NUM
གནས་པ་	གནས་པ་	VERB
དེ་	དེ་	DET
འི་	གི་	PART
ཚེ་	ཚེ་	NOUN
བདག་	བདག་	PRON
གིས་	གིས་	PART
དེ་	དེ་	DET
འི་	གི་	PART
དམ་ཆོས་	དམ་ཆོས་	NOUN
འཛིན་	འཛིན་	VERB
ཅིང་	ཅིང་	PART
། །		PUNCT
ཡང་	ཀྱང་	PART
དེ་	དེ་	DET
འི་	གི་	PART
རྒྱལ་ཚབ་	རྒྱལ་ཚབ་	NOUN
སེམས་དཔའ་	སེམས་དཔའ་	NOUN
མཐུ་ཆེན་	མཐུ་ཆེན་	PROPN
ཐོབ་	ཐོབ་	VERB
དང་	དང་	NO_POS
རྟག་	རྟག་	VERB
ཏུ་	ལ་	PART
བདག་ཅག་	བདག་ཅག་	PRON
མི་	མི་	PART
འབྲལ་	འབྲལ་	NO_POS
ཤོག་	ཤོག་	VERB
།		PUNCT
དེ་ནས་	དེ་ནས་	NO_POS
སེམས་དཔའ་	སེམས་དཔའ་	NOUN
མཐུ་ཆེན་	མཐུ་ཆེན་	PROPN
ཐོབ་	ཐོབ་	VERB
དེ་	དེ་	DET
ས་	གིས་	PART
སངས་རྒྱས་	སངས་རྒྱས་	NOUN
ན་	ནས་	PART
། །		PUNCT
སངས་རྒྱས་	སངས་རྒྱས་	NOUN
དེ་	དེ་	DET
འི་	གི་	PART
མིང་	མིང་	NOUN
ནི་	ནི་	NO_POS
དེ་བཞིན་	དེ་བཞིན་	OTHER
གཤེགས་པ་	གཤེགས་པ་	VERB
རབ་ཏུ་	རབ་ཏུ་	NO_POS
བརྟན་པ་	བརྟན་པ་	VERB
ནི་	ནི་	NO_POS
། །		PUNCT
ཡོན་ཏན་	ཡོན་ཏན་	NOUN
ནོར་བུ་	ནོར་བུ་	NOUN
བརྩེགས་པ་	བརྩེགས་པ་	VERB
འི་	གི་	PART
རྒྱལ་པོ་	རྒྱལ་པོ་	NOUN
ཞེ་	ཅེས་	PART
བྱ་བ་	བྱ་བ་	VERB
ར་	ལ་	PART
གྱུར་	གྱུར་	VERB
། །		PUNCT
པ་	པ་	OTHER
འི་	གི་	PART
སྐུ་ཚེ་	སྐུ་ཚེ་	NOUN
བསྟན་པ་	བསྟན་པ་	VERB
སྤྱན་རས་	སྤྱན་རས་	NO_POS
གཟིགས་	གཟིགས་	VERB
དང་	དང་	NO_POS
མཉམ་	མཉམ་	VERB
། །		PUNCT
བདག་ཅག་	བདག་ཅག་	PRON
རྣམས་	རྣམས་	DET
ཀྱང་	ཀྱང་	PART
སངས་རྒྱས་	སངས་རྒྱས་	NOUN
དེ་	སྟེ་	PART
ཡི་	གི་	PART
རྟག་	རྟག་	VERB
ཏུ་	ལ་	PART
ཞབས་འབྲིང་	ཞབས་འབྲིང་	NOUN
བྱེད་	བྱེད་	VERB
། །		PUNCT
མཆོད་པ་	མཆོད་པ་	VERB
ས་	གིས་	PART
མཆོད་	མཆོད་	VERB
ཅིང་	ཅིང་	PART
དམ་ཆོས་	དམ་ཆོས་	NOUN
ཀུན་འཛིན་	ཀུན་འཛིན་	PROPN
ཤོག་	ཤོག་	VERB
།		PUNCT
དེ་དག་	དེ་དག་	OTHER
གི་	གི་	PART
མཚམས་	མཚམས་	NOUN
ན་	ནས་	PART
བདག་	བདག་	PRON
གི་	གི་	PART
ཚེ་	ཚེ་	NOUN
དེ་	སྟེ་	PART
བརྗེས་	བརྗེས་	NO_POS
མ་	མ་	PART
ཐག་	ཐག་	VERB
།		PUNCT
ཞིང་ཁམས་	ཞིང་ཁམས་	NOUN
དེ་	དེ་	DET
འམ་	གམ་	PART
དག་པ་	དག་པ་	VERB
འི་	གི་	PART
ཞིང་	ཅིང་	PART
གཞན་	གཞན་	DET
དུ་	ལ་	PART
། །		PUNCT
བླ་མེད་	བླ་མེད་	ADJ
བྱང་ཆུབ་	བྱང་ཆུབ་	NOUN
མཆོག་	མཆོག་	ADJ
ཏུ་	ལ་	PART
སེམས་བསྐྱེད་	སེམས་བསྐྱེད་	NOUN
དེ་	སྟེ་	PART
། །		PUNCT
རྫོགས་	རྫོགས་	VERB
སངས་རྒྱས་	སངས་རྒྱས་	NOUN
ན་	ནས་	PART
ཚེ་	ཚེ་	NOUN
དཔག་མེད་པ་	དཔག་མེད་པ་	ADJ
ལྟ་	ལྟ་	OTHER
། །		PUNCT
བདག་	བདག་	PRON
གི་	གི་	PART
མཚན་	མཚན་	NOUN
ཐོ་	ཐོ་	VERB
ཙམ་	ཙམ་	DET
གྱིས་	གིས་	PART
སྡུག་བསྔལ་	སྡུག་བསྔལ་	NOUN
སྨིན་	སྨིན་	VERB
ཅིང་	ཅིང་	PART
གྲོལ་	གྲོལ་	VERB
། །		PUNCT
སྤྲུལ་པ་	སྤྲུལ་པ་	VERB
གྲངས་མེད་	གྲངས་མེད་	NOUN
འགྲོ་བ་	འགྲོ་བ་	VERB
འདྲེན་པ་	འདྲེན་པ་	VERB
སོགས་	སོགས་	DET
། །		PUNCT
འབད་	འབད་	VERB
མེད་	མེད་	VERB
ལྷུན་གྲུབ་	ལྷུན་གྲུབ་	OTHER
འགྲོ་དོན་	འགྲོ་དོན་	NOUN
དཔག་མེད་	དཔག་མེད་	ADJ
ཤོག་	ཤོག་	VERB
།		PUNCT
སླར་ཡང་	སླར་ཡང་	OTHER
བླ་མ་	བླ་མ་	NOUN
འོད་	འོད་	NOUN
དཔག་མེད་	དཔག་མེད་	ADJ
འཁོར་བཅས་	འཁོར་བཅས་	ADJ
ལ་	ལ་	PART
བཀའ་དྲིན་	བཀའ་དྲིན་	NOUN
རྗེས་སུ་	རྗེས་སུ་	OTHER
དྲན་པ་	དྲན་པ་	VERB
འི་	གི་	PART
ཕྱག་	ཕྱག་	NOUN
ནི་	ནི་	NO_POS
དེ་བཞིན་	དེ་བཞིན་	OTHER
གཤེགས་པ་	གཤེགས་པ་	VERB
འི་	གི་	PART
ཚེ་	ཚེ་	NOUN
དཔག་མེད་	དཔག་མེད་	ADJ
དང་	དང་	NO_POS
བསོད་ནམས་	བསོད་ནམས་	NOUN
དཔག་མེད་	དཔག་མེད་	ADJ
དང་	དང་	NO_POS
། །		PUNCT
ཡོན་ཏན་	ཡོན་ཏན་	NOUN
དང་	དང་	NO_POS
ཡེ་ཤེས་	ཡེ་ཤེས་	NOUN
དཔག་མེད་	དཔག་མེད་	ADJ
གཟི་བརྗིད་	གཟི་བརྗིད་	NOUN
ཚད་	ཚད་	NOUN
མེད་པ་	མེད་པ་	VERB
ས་	གིས་	PART
། །		PUNCT
ཆོས་སྐུ་	ཆོས་སྐུ་	NOUN
སྣང་བ་	སྣང་བ་	VERB
མཐའ་	མཐའ་	NOUN
ཡ་		
འོད་	འོད་	NOUN
དཔག་མེད་	དཔག་མེད་	ADJ
། །		PUNCT
ཚེ་	ཚེ་	NOUN
དང་	དང་	NO_POS
ཡེ་ཤེས་	ཡེ་ཤེས་	NOUN
དཔག་མེད་	དཔག་མེད་	ADJ
བཅོམ་ལྡན་འདས་	བཅོམ་ལྡན་འདས་	NOUN
། །		PUNCT
གང་ཞིག་	གང་ཞིག་	NO_POS
ཁྱེད་	ཁྱེད་	PRON
ཀྱི་	གི་	PART
མཚན་	མཚན་	NOUN
ནི་	ནི་	NO_POS
གང་ཟག་	གང་ཟག་	NOUN
སུ་	སུ་	ADP
ས་	གིས་	PART
འཛིན་པ་	འཛིན་པ་	VERB
། །		PUNCT
སྔོན་	སྔོན་	ADV
གྱི་	གི་	PART
ལ་	ལ་	ADP
ས་	གིས་	PART
ཀྱི་	གི་	PART
རྣམ་སྨིན་	རྣམ་སྨིན་	NOUN
མ་གཏོགས་པ་	མ་གཏོགས་པ་	NO_POS
། །		PUNCT
མེ་	མེ་	NOUN
ཆུ་	ཆུ་	NOUN
དུག་མཚོན་	དུག་མཚོན་	NO_POS
གནོད་སྦྱིན་	གནོད་སྦྱིན་	NOUN
སྲིན་པོ་	སྲིན་པོ་	NOUN
སོགས་	སོགས་	DET
། །		PUNCT
འཇིགས་པ་	འཇིགས་པ་	VERB
ཀུན་	ཀུན་	DET
ལ་	ལ་	ADP
ས་	གིས་	PART
སྐྱོབ་པ་	སྐྱོབ་པ་	VERB
ར་	ལ་	PART
ཐུབ་པ་	ཐུབ་པ་	VERB
ས་	གིས་	PART
གསུངས་	གསུངས་	VERB
། །		PUNCT
བདག་	བདག་	PRON
ནི་	ནི་	NO_POS
ཁྱེད་	ཁྱེད་	PRON
ཀྱི་	གི་	PART
མཚན་	མཚན་	NOUN
འཛིན་	འཛིན་	VERB
ཕྱག་	ཕྱག་	NOUN
འཚལ་བ་	འཚལ་བ་	VERB
ས་	གིས་	PART
། །		PUNCT
འཇིགས་	འཇིགས་	VERB
དང་	དང་	NO_POS
སྡུག་བསྔལ་	སྡུག་བསྔལ་	NOUN
ཀུན་	ཀུན་	DET
ལ་	ལ་	ADP
ས་	གིས་	PART
བསྐྱབ་	བསྐྱབ་	NO_POS
མཛད་	མཛད་	VERB
གསོལ་	གསོལ་	VERB
། །		PUNCT
བཀྲ་ཤིས་	བཀྲ་ཤིས་	NOUN
ཕུན་སུམ་	ཕུན་སུམ་	OTHER
ཚོགས་པ་	ཚོགས་པ་	VERB
ར་	ལ་	PART
བྱིན་	བྱིན་	VERB
གྱིས་	གིས་	PART
རློབས་	རློབས་	VERB
། །		PUNCT
སྨོན་ལམ་	སྨོན་ལམ་	NOUN
གྲུབ་པ་	གྲུབ་པ་	VERB
འི་	གི་	PART
བདེན་ཚིག་	བདེན་ཚིག་	OTHER
བརྗོད་པ་	བརྗོད་པ་	VERB
ནི་	ནི་	NO_POS
།		PUNCT
སངས་རྒྱས་	སངས་རྒྱས་	NOUN
སྐུ་གསུམ་	སྐུ་གསུམ་	OTHER
བརྙེས་པ་	བརྙེས་པ་	VERB
འི་	གི་	PART
བྱིན་རླབས་	བྱིན་རླབས་	NOUN
དང་	དང་	NO_POS
། །		PUNCT
ཆོས་ཉིད་	ཆོས་ཉིད་	NOUN
མི་	མི་	PART
འགྱུར་	འགྱུར་	VERB
བདེན་པ་	བདེན་པ་	VERB
འི་	གི་	PART
བྱིན་རླབས་	བྱིན་རླབས་	NOUN
དང་	དང་	NO_POS
། །		PUNCT
དགེ་འདུན་	དགེ་འདུན་	NOUN
མི་	མི་	PART
ཕྱེད་	ཕྱེད་	NUM
འདུས་པ་	འདུས་པ་	VERB
འི་	གི་	PART
བྱིན་རླབས་	བྱིན་རླབས་	NOUN
ཀྱིས་	གིས་	PART
། །		PUNCT
ཇི་ལྟ་		
སྨོན་ལམ་	སྨོན་ལམ་	NOUN
བཏབ་	བཏབ་	VERB
བཞིན་	བཞིན་	NOUN
འགྲུབ་པ་	འགྲུབ་པ་	VERB
ར་	ལ་	PART
ཤོག་	ཤོག་	VERB
།		PUNCT
དཀོན་མཆོག་	དཀོན་མཆོག་	NOUN
གསུམ་	གསུམ་	NUM
ལ་	ལ་	PART
ཕྱག་	ཕྱག་	NOUN
འཚལ་	འཚལ་	VERB
ལོ་	གོ་	PART
། །		PUNCT
ཏདྱ་		NON_WORD
ཐཱ་		NON_WORD
།		PUNCT
པཉྩ་	པཉྩ་	NO_POS
ནྡྲི་		NON_WORD
ཡ་	ཡ་	NOUN
ཨཱ་	ཨཱ་	NO_POS
ཝ་བོ་	ཝ་བོ་	OTHER
དྷ་		NON_WORD
ནཱ་	ནཱ་	NO_POS
ཡེ་	ཡེ་	ADV
སྭཱ་		NON_WORD
ཧཱ་		NON_WORD
།		PUNCT
སྨོན་ལམ་	སྨོན་ལམ་	NOUN
འགྲུབ་པ་	འགྲུབ་པ་	VERB
འི་	གི་	PART
གཟུངས་	གཟུངས་	NOUN
སོ་	གོ་	PART
། །		PUNCT
དཀོན་མཆོག་	དཀོན་མཆོག་	NOUN
གསུམ་	གསུམ་	NUM
ལ་	ལ་	PART
ཕྱག་	ཕྱག་	NOUN
འཚལ་	འཚལ་	VERB
ལོ་	གོ་	PART
། །		PUNCT
ན་མོ་	ན་མོ་	X
མཉྫུ་		NON_WORD
ཤྲི་		NON_WORD
ཡེ་	ཡེ་	ADV
ལ་	ལ་	PART
སྭཱཧཱ་		NON_WORD
ཐ་མ་	ཐ་མ་	ADJ
འི་	གི་	PART
གསལ་བྱེད་	གསལ་བྱེད་	NOUN
ཡིན་པ་	ཡིན་པ་	AUX
ཡང་	ཀྱང་	PART
སྦྱར་	སྦྱར་	VERB
ན་	ལ་	PART
།		PUNCT
དོན་	དོན་	NOUN
གྱི་	གི་	PART
ལུས་	ལུས་	NOUN
ཀྱི་	གི་	PART
ཕྱག་	ཕྱག་	NOUN
འཚལ་	འཚལ་	VERB
ལོ་	གོ་	PART
ལུས་	ལུས་	NOUN
ལ་འཇམ་པ་	ལ་འཇམ་པ་	NO_POS
འི་	གི་	PART
དཔལ་	དཔལ་	OTHER
གྱི་	གི་	PART
གཞི་ཚུགས་	གཞི་ཚུགས་	NO_POS
ཤིག་	ཅིག་	PART
།		PUNCT
ན་མོ་	ན་མོ་	X
སུ་	ལ་	PART
ཤྲི་		NON_WORD
ཡེ་	ཡེ་	ADV
ནི་	ནི་	NO_POS
ཕྱག་	ཕྱག་	NOUN
འཚལ་	འཚལ་	VERB
ལོ་	གོ་	PART
ངག་	ངག་	NOUN
ལ་	ལ་	PART
བདེ་བ་	བདེ་བ་	VERB
འི་	གི་	PART
དཔལ་	དཔལ་	OTHER
གྱི་	གི་	PART
གཞི་ཚུགས་	གཞི་ཚུགས་	NO_POS
ཤིག་	ཅིག་	PART
།		PUNCT
ན་མོ་	ན་མོ་	X
ཨུཏྟ་		NON_WORD
མ་	མ་	PART
ཤྲི་		NON_WORD
ཡེ་	ཡེ་	ADV
སྭཱ་		NON_WORD
ཧཱ་		NON_WORD
།		PUNCT
ཞེས་་	ཞེས་པ་	PART
ནི་	ནི་	NO_POS
ཕྱག་	ཕྱག་	NOUN
འཚལ་	འཚལ་	VERB
ལོ་	གོ་	PART
ཡིད་	ཡིད་	NOUN
ལ་	ལ་	PART
བླ་མ་	བླ་མ་	NOUN
འི་	གི་	PART
དཔལ་	དཔལ་	OTHER
གྱི་	གི་	PART
གཞི་ཚུགས་	གཞི་ཚུགས་	NO_POS
ཤིག་	ཅིག་	PART
།		PUNCT
ཅེས་པ་	ཅེས་པ་	PART
འི་	གི་	PART
དོན་	དོན་	NOUN
ཅན་	ཅན་	PART
གྱི་	གི་	PART
སྔགས་	སྔགས་	NOUN
འདི་	འདི་	DET
བརྗོད་	བརྗོད་	VERB
ན་	ནས་	PART
ཕྱག་	ཕྱག་	NOUN
གསུམ་	གསུམ་	NUM
འཚལ་	འཚལ་	VERB
ན་	ལ་	PART
འབུམ་ཐེར་	འབུམ་ཐེར་	NO_POS
དུ་	ལ་	PART
འགྱུར་བ་	འགྱུར་བ་	VERB
ར་	ལ་	PART
གསུངས་	གསུངས་	VERB
སོ་	གོ་	PART
། །		PUNCT
དེས་ན་	དེས་ན་	NO_POS
རབ་	རབ་	ADV
ཕྱག་	ཕྱག་	NOUN
བརྒྱ་	བརྒྱ་	NUM
ཕྲག་	ཕྲག་	NUM
།		PUNCT
འབྲིང་	འབྲིང་	NOUN
ཅི་	ཅི་	NO_POS
ནུས་	ནུས་	VERB
།		PUNCT
ཐ་མ་	ཐ་མ་	ADJ
ཡང་	ཀྱང་	PART
ཕྱག་	ཕྱག་	NOUN
བདུན་	བདུན་	NUM
ཡན་	ཡན་	ADV
འཚལ་	འཚལ་	VERB
།		PUNCT
རབ་	རབ་	ADV
བདེ་	བདེ་	VERB
སྨོན་	སྨོན་	VERB
འདི་	འདི་	DET
མ་ཆགས་པ་	མ་ཆགས་པ་	NO_POS
།		PUNCT
འབྲིང་	འབྲིང་	NOUN
ལོ་ཟླ་	ལོ་ཟླ་	OTHER
ཙམ་	ཙམ་	DET
མ་ཆགས་པ་	མ་ཆགས་པ་	NO_POS
།		PUNCT
ཐ་མ་	ཐ་མ་	ADJ
ནམ་	གམ་	PART
སྐབས་	སྐབས་	NOUN
སུ་	ལ་	PART
ཁ་ནུབ་	ཁ་ནུབ་	NO_POS
ཏུ་	ལ་	PART
གྱུར་	གྱུར་	VERB
ན་	ནས་	PART
བདེ་བ་	བདེ་བ་	VERB
ཅན་	ཅན་	PART
གྱི་	གི་	PART
ཞིང་ཁམས་	ཞིང་ཁམས་	NOUN
ཡིད་	ཡིད་	NOUN
ལ་	ལ་	PART
དྲན་	དྲན་	VERB
ཅིང་	ཅིང་	PART
འོད་	འོད་	NOUN
དཔག་མེད་	དཔག་མེད་	ADJ
ལ་	ལ་	PART
ཐལ་མོ་	ཐལ་མོ་	NOUN
སྦྱར་	སྦྱར་	VERB
ཏེ་	སྟེ་	PART
དད་པ་	དད་པ་	VERB
རྩེ་གཅིག་	རྩེ་གཅིག་	ADJ
གིས་	གིས་	PART
བཏོན་	བཏོན་	NO_POS
ན་	ལ་	PART
ཚེ་	ཚེ་	NOUN
འདི་	འདི་	DET
ར་	ལ་	PART
ཚེ་	ཚེ་	NOUN
ཡི་	གི་	PART
བར་ཆད་	བར་ཆད་	NOUN
སེལ་	སེལ་	VERB
།		PUNCT
ཕྱི་མ་	ཕྱི་མ་	ADJ
བདེ་བ་	བདེ་བ་	VERB
ཅན་	ཅན་	PART
དུ་	ལ་	PART
སྐྱེ་བ་	སྐྱེ་བ་	VERB
ར་	ལ་	PART
ཐེ་ཚོམ་	ཐེ་ཚོམ་	NOUN
མེད་	མེད་	VERB
དེ་	སྟེ་	PART
།		PUNCT
འོད་	འོད་	NOUN
མདོ་	མདོ་	NOUN
ཞིང་	ཅིང་	PART
བཀོད་	བཀོད་	VERB
མདོ་	མདོ་	NOUN
དང་	དང་	NO_POS
། །		PUNCT
པདྨ་	པདྨ་	NOUN
དཀར་པོ་	དཀར་པོ་	ADJ
འཆི་མེད་	འཆི་མེད་	NOUN
རྔ་སྒྲ་	རྔ་སྒྲ་	OTHER
སོགས་	སོགས་	DET
ཀྱི་	གི་	PART
དགོངས་པ་	དགོངས་པ་	VERB
ཡིན་	ཡིན་	NO_POS
། །		PUNCT
ཞེ་	ཅེས་	PART
དགེ་སློང་	དགེ་སློང་	NOUN
ར་	ར་	ADP
ག་	ག་	PRON
ཨ་	ཨ་	X
སྱས་		NON_WORD
སྦྱར་བ་	སྦྱར་བ་	VERB
ས་	གིས་	PART
འགྲོ་བ་	འགྲོ་བ་	VERB
སེམས་ཅན་	སེམས་ཅན་	NOUN
མང་པོ་	མང་པོ་	ADJ
བདེ་བ་	བདེ་བ་	VERB
ཅན་	ཅན་	PART
དུ་	ལ་	PART
སྐྱེ་བ་	སྐྱེ་བ་	VERB
འི་	གི་	PART
རྒྱུ་	རྒྱུ་	NOUN
ར་	ལ་	PART
གྱུར་ཅིག་	གྱུར་ཅིག་	NO_POS
། །		PUNCT
ཞེ་	ཅེས་	PART
མཇུག་	མཇུག་	NOUN
ཡོངས་སུ་	ཡོངས་སུ་	NO_POS
རྫོགས་པ་	རྫོགས་པ་	VERB
ར་	ལ་	PART
མཛད་	མཛད་	VERB
དོ་	གོ་	PART
། །		PUNCT
མཐ་	མཐའ་	NOUN
ར་	ལ་	PART
དེ་	སྟེ་	PART
ཐམས་ཅད་	ཐམས་ཅད་	DET
མི་	མི་	PART
དམིགས་པ་	དམིགས་པ་	VERB
ར་	ལ་	PART
བཞག་	བཞག་	VERB
བསྔོ་སྨོན་	བསྔོ་སྨོན་	NO_POS
བཀྲ་ཤིས་	བཀྲ་ཤིས་	NOUN
ཀྱིས་	གིས་	PART
མཐའ་	མཐའ་	NOUN
བརྒྱན་པ་	བརྒྱན་པ་	VERB
ར་	ལ་	PART
བྱ་	བྱ་	VERB
།		PUNCT
དུས་རྒྱུན་	དུས་རྒྱུན་	OTHER
དུ་	ལ་	PART
ཞིང་	ཅིང་	PART
སྦྱོང་	སྦྱོང་	VERB
དང་	དང་	NO_POS
འབྲེལ་བ་	འབྲེལ་བ་	VERB
ས་	གིས་	PART
ཞིང་ཁམས་	ཞིང་ཁམས་	NOUN
ཀྱི་	གི་	PART
དག་སྣང་	དག་སྣང་	NOUN
སྦྱོང་བ་	སྦྱོང་བ་	VERB
གལ་ཆེ་	གལ་ཆེ་	OTHER
འོ་	གོ་	PART
། ༈ །		PUNCT
སླ་	སླ་	ADV
སྨོན་པ་	སྨོན་པ་	VERB
།		PUNCT
པདྨ་	པདྨ་	NOUN
འི་	གི་	PART
རྒྱལ་ཚབ་	རྒྱལ་ཚབ་	NOUN
གང་དེ་	གང་དེ་	NO_POS
འི་	གི་	PART
ལེགས་གསུང་	ལེགས་གསུང་	OTHER
ཆོ་	ཆོ་	NOUN
། །		PUNCT
པདྨོ་		NON_WORD
བཀོད་པ་	བཀོད་པ་	VERB
འི་	གི་	PART
ཞིང་	ཅིང་	PART
དུ་	ལ་	PART
སྨོན་པ་	སྨོན་པ་	VERB
འི་	གི་	PART
ལམ་	གམ་	PART
། །		PUNCT
པདྨ་	པདྨ་	NOUN
འི་	གི་	PART
མཚན་	མཚན་	NOUN
གྱིས་	གིས་	PART
གསལ་པོ་	གསལ་པོ་	ADJ
ར་	ལ་	PART
གྱིས་པ་	གྱིས་པ་	PART
འདི་	འདི་	DET
ས་	གིས་	PART
། །		PUNCT
འགྲོ་	འགྲོ་	VERB
ཀུན་	ཀུན་	DET
པདྨ་	པདྨ་	NOUN
འི་	གི་	PART
རིགས་	རིགས་	NOUN
སུ་	ལ་	PART
གྲོལ་བ་	གྲོལ་བ་	VERB
ར་	ལ་	PART
ཤོག་	ཤོག་	VERB
།		PUNCT
ཅེས་པ་	ཅེས་པ་	PART
འདི་	འདི་	DET
འང་	ཀྱང་	PART
ཞིང་	ཅིང་	PART
ཀྱི་	གི་	PART
ཆོ་ག་	ཆོ་ག་	NOUN
གཉིས་པོ་	གཉིས་པོ་	NUM
།		PUNCT
བླ་མ་	བླ་མ་	NOUN
པད་	པད་	NO_POS
ཚེ་	ཚེ་	NOUN
དང་	དང་	NO_POS
དགེ་	དགེ་	NOUN
གྲ་	གྲ་	NOUN
བློ་བཟང་	བློ་བཟང་	PROPN
དཀོན་མཆོག་	དཀོན་མཆོག་	NOUN
གི་	གི་	PART
གསུངས་	གསུངས་	VERB
བསྐུལ་	བསྐུལ་	VERB
དང་	དང་	NO_POS
འབྲེལ་	འབྲེལ་	VERB
གྲོ་	གྲོ་	NOUN
བཟའ་	བཟའ་	NOUN
བཀྲ་ཤིས་	བཀྲ་ཤིས་	NOUN
ཚེ་	ཚེ་	NOUN
སྐྱིད་	སྐྱིད་	NO_POS
ན་	ནས་	PART
སྤ་	སྤ་	NOUN
གྱི་	གི་	PART
མཐུན་	མཐུན་	VERB
རྐྱེན་	རྐྱེན་	NOUN
བཅའ་	བཅའ་	VERB
འཛོམས་	འཛོམས་	VERB
སྐབས་	སྐབས་	NOUN
།		PUNCT
ཆོ་	ཆོ་	NOUN
འཆད་ཉན་	འཆད་ཉན་	NOUN
སོགས་	སོགས་	DET
བྱ་བ་	བྱ་བ་	VERB
གཞན་	གཞན་	DET
གྱིས་	གིས་	PART
བྲེལ་	བྲེལ་	NO_POS
ཡང་	ཀྱང་	PART
།		PUNCT
ལྷག་པ་	ལྷག་པ་	VERB
འི་	གི་	PART
བསམ་པ་	བསམ་པ་	VERB
རྣམ་པ་	རྣམ་པ་	NOUN
ར་	ལ་	PART
སྡོམ་བུ་པ་	སྡོམ་བུ་པ་	NO_POS
པདྨ་	པདྨ་	NOUN
རྣམ་རྒྱལ་	རྣམ་རྒྱལ་	NOUN
གྱིས་	གིས་	PART
བྲིས་པ་	བྲིས་པ་	VERB
དགེ་ལེགས་	དགེ་ལེགས་	OTHER
འཕེལ་	འཕེལ་	VERB
།		PUNCT
སླར་ཡང་	སླར་ཡང་	OTHER
སྨོན་པ་	སྨོན་པ་	VERB
།		PUNCT
བདེ་ཆེན་	བདེ་ཆེན་	NOUN
ཞིང་	ཅིང་	PART
གི་	གི་	PART
ཆོ་ག་	ཆོ་ག་	NOUN
སྨོན་ལམ་	སྨོན་ལམ་	NOUN
བཅའ་	བཅའ་	VERB
། །		PUNCT
གྲོ་	གྲོ་	NOUN
བཟའ་	བཟའ་	NOUN
བཀྲ་ཤིས་	བཀྲ་ཤིས་	NOUN
ཚེ་	ཚེ་	NOUN
ཡི་	གི་	PART
མིང་ཅན་	མིང་ཅན་	NOUN
ན་	ནས་	PART
། །		PUNCT
འཛད་	འཛད་	NO_POS
མེད་	མེད་	VERB
ཆོ་	ཆོ་	NOUN
ཀྱི་	གི་	PART
ས་བོན་	ས་བོན་	NOUN
ཐེབས་པ་	ཐེབས་པ་	VERB
འདི་	འདི་	DET
ས་	གིས་	PART
། །		PUNCT
འབྲེལ་	འབྲེལ་	VERB
ཚད་	ཚད་	NOUN
བདེ་	བདེ་	VERB
ཞིང་	ཅིང་	PART
ཞིང་ཁམས་	ཞིང་ཁམས་	NOUN
བགྲོད་པ་	བགྲོད་པ་	VERB
ར་	ལ་	PART
ཤོག་	ཤོག་	VERB
།		PUNCT
ཅེས་པ་	ཅེས་པ་	PART
འང་	ཀྱང་	PART
པར་བྱང་	པར་བྱང་	NO_POS
སྨོན་ཚིག་	སྨོན་ཚིག་	OTHER
ཏུ་	ལ་	PART
པདྨ་	པདྨ་	NOUN
མིང་	མིང་	NOUN
གིས་	གིས་	PART
ཟུར་	ཟུར་	NOUN
མང་	མང་	VERB
ཆོ་	ཆོ་	NOUN
གྲྭར་		NON_WORD
སྨོན་པ་	སྨོན་པ་	VERB
དགེ་ལེགས་	དགེ་ལེགས་	OTHER
འཕེལ་	འཕེལ་	VERB
ལོ་	གོ་	PART
།། །།		PUNCT
